Date,Open,High,Low,Close,Adj Close,Volume,Days
2/14/2018,181.880005,185.059998,181.050003,184.690002,164.123352,6767000,0
2/15/2018,186.740005,187.190002,183.259995,185.270004,164.638748,5113300,1
2/16/2018,185.059998,187.990005,184.860001,186.970001,166.149445,7619200,2
2/20/2018,189.899994,191.440002,186.309998,186.710007,165.918411,8922100,3
2/21/2018,187.210007,187.979996,182.860001,183.059998,162.67485,7527200,4
2/22/2018,183.720001,186.220001,182.910004,185.470001,164.816513,5653900,5
2/23/2018,186.199997,188.410004,185.619995,188.350006,167.375763,4315400,6
2/26/2018,189.169998,189.789993,187.860001,188.460007,167.473541,4648000,7
2/27/2018,188.869995,189.25,184.960007,184.979996,164.381073,4618800,8
2/28/2018,184.410004,186.649994,182.270004,182.270004,161.972855,6419900,9
3/1/2018,182.75,184.399994,178.25,179.639999,159.635681,6123900,10
3/2/2018,177.720001,179.190002,176.339996,178.460007,158.587112,5671000,11
3/5/2018,177.860001,182.259995,177.699997,181.740005,161.501846,5748600,12
3/6/2018,182.75,183,179.509995,181.639999,161.412979,5306800,13
3/7/2018,178.820007,180,176.820007,178.580002,159.59874,4799200,14
3/8/2018,179.440002,179.979996,176.729996,177.940002,159.026749,4750700,15
3/9/2018,179,182.240005,177.919998,182.160004,162.798218,4477200,16
3/12/2018,182.429993,183.059998,179.550003,179.710007,160.608627,4993300,17
3/13/2018,179.589996,180.949997,177.860001,178.350006,159.393173,6128100,18
3/14/2018,179.100006,179.660004,175.889999,177.410004,158.553131,4531500,19
3/15/2018,177.690002,179.860001,176.720001,178.070007,159.142944,3936700,20
3/16/2018,178.429993,180.399994,177.970001,178.960007,159.93837,8410900,21
3/19/2018,178.649994,179.320007,176,177.100006,158.276077,4744500,22
3/20/2018,177.639999,178.889999,177.160004,178.160004,159.223389,4148300,23
3/21/2018,178.350006,180.139999,177.679993,178.020004,159.098267,3494400,24
3/22/2018,177.419998,178.559998,175.080002,175.289993,156.658447,5255100,25
3/23/2018,176.240005,177.059998,171.559998,171.800003,153.539383,6021300,26
3/26/2018,174.110001,176.800003,173.520004,176.380005,157.632614,7323600,27
3/27/2018,177.380005,178.729996,173.600006,174.679993,156.113266,4713900,28
3/28/2018,175.240005,177.529999,173.919998,174.759995,156.184753,4318600,29
3/29/2018,175.699997,178.639999,175.5,178.240005,159.294922,4423500,30
4/2/2018,177.149994,177.690002,170.419998,172.899994,154.522476,7229300,31
4/3/2018,172.779999,174.940002,172.429993,173.759995,155.291061,5283300,32
4/4/2018,170.800003,177.839996,170.419998,177.440002,158.579926,4757300,33
4/5/2018,178,180.039993,177.309998,179.130005,160.090286,3799900,34
4/6/2018,177.979996,178.520004,173.350006,174.449997,155.90773,5236900,35
4/9/2018,175.059998,175.350006,172.369995,172.509995,154.173889,5079800,36
4/10/2018,174.029999,174.190002,172.240005,173.490005,155.049744,4783000,37
4/11/2018,172,175.059998,171.800003,172.860001,154.48671,4228400,38
4/12/2018,173.309998,174.240005,172.899994,173.360001,154.933578,3396700,39
4/13/2018,174.490005,175.509995,172.229996,172.800003,154.43309,4311200,40
4/16/2018,174.229996,175.600006,173.320007,174.429993,155.889847,3534200,41
4/17/2018,175.759995,176.240005,174.100006,174.910004,156.318832,3106500,42
4/18/2018,175,180.25,174.990005,179.850006,160.733749,5858900,43
4/19/2018,179.5,179.699997,175.770004,177.080002,158.258194,5407300,44
4/20/2018,177.850006,178.889999,176.320007,177.009995,158.195602,5008600,45
4/23/2018,177.619995,178.380005,176.130005,177.660004,158.77652,2987700,46
4/24/2018,179.300003,180,175.050003,176.259995,157.525314,4435400,47
4/25/2018,176.080002,178.070007,174.550003,177.389999,158.535263,5587300,48
4/26/2018,178.460007,185.929993,178.080002,185.720001,165.979828,8782500,49
4/27/2018,185.490005,187.039993,183.869995,186.460007,166.641174,4382400,50
4/30/2018,186.990005,187.800003,184.800003,184.800003,165.157654,4173200,51
5/1/2018,184.729996,184.729996,181.399994,184.630005,165.005707,3423900,52
5/2/2018,184.490005,187.119995,183.75,185.910004,166.149628,3866500,53
5/3/2018,184.869995,184.899994,181.199997,183.190002,163.71875,4123900,54
5/4/2018,182.75,186.350006,181.839996,185.029999,165.363174,3896200,55
5/7/2018,185.399994,185.5,182.669998,183.559998,164.049393,3582300,56
5/8/2018,183.449997,185.300003,182.5,185.039993,165.372101,4168200,57
5/9/2018,185.029999,186.5,183.570007,186.360001,166.551819,3392300,58
5/10/2018,185.970001,187.970001,185.880005,187.160004,167.2668,3850100,59
5/11/2018,187.630005,190.800003,187.350006,190.309998,170.08197,5355100,60
5/14/2018,191.5,191.649994,189.860001,191.080002,170.770111,7035900,61
5/15/2018,189.5,189.690002,186.100006,187.979996,167.999603,10147000,62
5/16/2018,189.279999,189.279999,185.899994,186.380005,166.569702,5044800,63
5/17/2018,186.25,187.179993,184.869995,185.330002,165.631302,4227700,64
5/18/2018,185.75,188.210007,185.550003,187.419998,167.499191,4697900,65
5/21/2018,188.199997,190.669998,188,189.789993,169.617218,4147800,66
5/22/2018,190.059998,190.779999,186.520004,186.869995,167.007599,4585600,67
5/23/2018,187.100006,187.320007,184.979996,186.669998,166.828888,7387400,68
5/24/2018,186.789993,187.410004,184.669998,187.149994,167.257858,3941300,69
5/25/2018,186.710007,187.830002,186.050003,186.850006,166.989761,2730400,70
5/29/2018,185.550003,186.830002,184.25,185,165.336349,4725500,71
5/30/2018,184.830002,187.800003,184.009995,187.089996,168.140335,3976000,72
5/31/2018,187.160004,187.360001,185.25,186.550003,167.655029,4839900,73
6/1/2018,187.210007,188.830002,186.520004,187.350006,168.374039,3706200,74
6/4/2018,188.220001,191.539993,187.970001,191.360001,171.977829,4103300,75
6/5/2018,190.440002,192.380005,189.699997,191.940002,172.49913,4231300,76
6/6/2018,193.070007,193.589996,191.210007,193.589996,173.981995,4134700,77
6/7/2018,193.830002,197.199997,193.830002,196.169998,176.300705,4378700,78
6/8/2018,195.869995,198.5,195.009995,198.330002,178.241913,4006200,79
6/11/2018,198.910004,200.520004,198.339996,199.639999,179.419189,4243000,80
6/12/2018,199.839996,201.339996,199.509995,201.309998,180.920059,4616700,81
6/13/2018,201.300003,201.580002,199.660004,200.309998,180.021347,5128100,82
6/14/2018,200.259995,201,198.160004,199.669998,179.446182,4305900,83
6/15/2018,198.949997,201.600006,198.5,200.539993,180.228027,7820900,84
6/18/2018,198.940002,200.910004,198.110001,200.690002,180.362839,3396300,85
6/19/2018,198.210007,199.899994,198.100006,199.210007,179.032745,5501100,86
6/20/2018,200,200.130005,198.119995,199.080002,178.915924,3389600,87
6/21/2018,199.210007,200.940002,198.610001,200.309998,180.021347,4695100,88
6/22/2018,200.789993,201.199997,197.169998,197.410004,177.415085,6785800,89
6/25/2018,197.410004,197.839996,195.059998,196.380005,176.48941,5127200,90
6/26/2018,196.580002,197.330002,195.600006,196.360001,176.471436,3270600,91
6/27/2018,196.660004,197.990005,195.009995,195.020004,175.267136,3771700,92
6/28/2018,195,196.009995,193.509995,195.210007,175.437927,2994000,93
6/29/2018,195.860001,198.830002,194.990005,195.100006,175.33905,4106600,94
7/2/2018,193.820007,194.179993,192.119995,194.020004,174.368439,3822800,95
7/3/2018,194.440002,195.710007,193.410004,193.619995,174.008972,1608400,96
7/5/2018,194.490005,194.740005,193.130005,194.410004,174.718933,3040600,97
7/6/2018,194.580002,195.350006,192.949997,194.479996,174.78183,2552400,98
7/9/2018,195.699997,196.710007,195.029999,196.080002,176.219788,2575100,99
7/10/2018,196.559998,197.759995,196.380005,197.610001,177.594803,2842400,100
7/11/2018,197.220001,197.759995,195.949997,196.949997,177.001663,3309300,101
7/12/2018,198.199997,198.479996,197,197.949997,177.900391,2709200,102
7/13/2018,198.460007,199.929993,198.460007,198.690002,178.565414,2308100,103
7/16/2018,199.139999,199.220001,197.889999,198.880005,178.736191,2530500,104
7/17/2018,198.630005,201.429993,198.630005,201.100006,180.731323,4662800,105
7/18/2018,201.020004,201.919998,200.190002,200.970001,180.614471,3787800,106
7/19/2018,200.889999,203.229996,200.550003,202.630005,182.106354,3691100,107
7/20/2018,202.080002,203.759995,201.820007,202.449997,181.944595,3564100,108
7/23/2018,202.460007,203.389999,201.899994,202.229996,181.746887,2264300,109
7/24/2018,203.529999,204.25,201.350006,201.990005,181.531189,5058100,110
7/25/2018,201.399994,202.289993,199.070007,201,180.641479,4382700,111
7/26/2018,201.529999,202.119995,198.910004,199.399994,179.203491,4280000,112
7/27/2018,200.210007,200.490005,196.679993,197.139999,177.17244,3871200,113
7/30/2018,196.529999,197.570007,196.399994,197.279999,177.298248,2331100,114
7/31/2018,197.690002,198.029999,196.869995,197.520004,177.513962,2795900,115
8/1/2018,196.860001,197.740005,195.600006,196.300003,176.417496,3086800,116
8/2/2018,195.100006,195.839996,193.550003,195.660004,175.842346,3543500,117
8/3/2018,196.029999,196.399994,195.25,195.639999,175.824371,2309000,118
8/6/2018,195.619995,196.059998,195.110001,195.690002,175.869293,2515700,119
8/7/2018,196.350006,197.199997,195.639999,197.050003,177.091568,3052500,120
8/8/2018,197.440002,198.910004,197.300003,198.020004,177.963303,2176700,121
8/9/2018,199,199.740005,198.039993,198.080002,178.017212,2466000,122
8/10/2018,197.339996,197.929993,195.639999,196.300003,176.417496,2873000,123
8/13/2018,196.300003,197.589996,194,194.139999,174.476288,5294400,124
8/14/2018,195.169998,195.979996,191.270004,193.100006,173.541595,11488000,125
8/15/2018,191.75,194.179993,191.089996,193.990005,174.341492,6049300,126
8/16/2018,194.020004,196.089996,193.720001,195.389999,175.59967,5690100,127
8/17/2018,195.600006,195.979996,194.820007,195.559998,175.752457,3885800,128
8/20/2018,195.839996,198.440002,195.399994,197.929993,177.882401,2956700,129
8/21/2018,198.830002,200.740005,198.410004,200.229996,179.949463,4124600,130
8/22/2018,200.800003,203.550003,198.649994,198.970001,178.817093,5007000,131
8/23/2018,199.389999,201.410004,199.139999,200.160004,179.88652,3595000,132
8/24/2018,200.350006,202.5,200,201.300003,180.911057,3054300,133
8/27/2018,202.830002,202.949997,201.190002,201.979996,181.522186,2521300,134
8/28/2018,202.300003,202.419998,200.630005,201.970001,181.513214,3516300,135
8/29/2018,201.110001,201.990005,200.710007,201.679993,182.181656,2488000,136
8/30/2018,201,201.440002,199.100006,199.259995,179.995621,2825400,137
8/31/2018,199.380005,200.910004,199.289993,200.770004,181.359665,4023300,138
9/4/2018,200.690002,205.919998,200.5,205.080002,185.252945,4612800,139
9/5/2018,204.830002,206.669998,203.149994,204.149994,184.412857,3667100,140
9/6/2018,204.589996,207.089996,203.800003,205.889999,185.98465,3490400,141
9/7/2018,205.449997,207.229996,205.429993,206.229996,186.291779,3672700,142
9/10/2018,208.130005,211.619995,208.130005,210.690002,190.320618,5586600,143
9/11/2018,213,214.660004,211.5,213.850006,193.175095,5969500,144
9/12/2018,214.029999,215.429993,210.910004,211.979996,191.48587,5660100,145
9/13/2018,211.440002,211.440002,208.699997,209.449997,189.200439,4701100,146
9/14/2018,210.190002,210.529999,207.550003,209.070007,188.857193,3622400,147
9/17/2018,209.080002,210.039993,208.259995,208.399994,188.251984,3074700,148
9/18/2018,208.630005,211.729996,208.160004,211.020004,190.618668,4338500,149
9/19/2018,212,212.669998,210.660004,211.679993,191.214859,2579100,150
9/20/2018,211.660004,212.610001,211.009995,211.059998,190.654816,4020800,151
9/21/2018,211.300003,212.660004,210.509995,212.389999,191.856186,9749200,152
9/24/2018,211.520004,211.839996,207.960007,207.990005,187.881622,4623700,153
9/25/2018,208.839996,209.300003,206.800003,207.460007,187.402878,4443300,154
9/26/2018,208.580002,209.139999,207.229996,207.520004,187.457092,2965800,155
9/27/2018,207.5,207.830002,205.669998,206.839996,186.842819,3218800,156
9/28/2018,206.440002,208.850006,206.350006,207.149994,187.122803,3966100,157
10/1/2018,208.520004,209.789993,207.369995,207.600006,187.529373,3670500,158
10/2/2018,207.490005,208.039993,204.669998,204.75,184.954865,4428000,159
10/3/2018,206.160004,206.460007,203.649994,203.740005,184.042511,4162500,160
10/4/2018,203.649994,203.759995,198.270004,198.850006,179.625259,5996200,161
10/5/2018,199.070007,199.699997,194.570007,196.380005,177.394104,5016600,162
10/8/2018,196.240005,198.660004,195.059998,198.410004,179.227814,3731800,163
10/9/2018,197.949997,199.179993,195.580002,195.75,176.824982,4466800,164
10/10/2018,199.110001,199.240005,193.350006,193.699997,174.97316,6157900,165
10/11/2018,193.710007,196.669998,188.470001,189.740005,171.396011,5831400,166
10/12/2018,192.75,193.589996,190.160004,192.470001,173.862106,5450200,167
10/15/2018,192.360001,193.289993,190.699997,191.169998,172.687759,3642800,168
10/16/2018,191.830002,194.080002,190.610001,193.580002,174.864792,4057400,169
10/17/2018,189.639999,190.669998,183.979996,185.169998,167.267838,8985700,170
10/18/2018,184.259995,185.399994,179.529999,180.440002,162.995132,9262000,171
10/19/2018,180.339996,180.990005,178.570007,179.850006,162.462204,7004300,172
10/22/2018,180.820007,181.399994,177.559998,178.75,161.468536,4866700,173
10/23/2018,175.770004,179.490005,175.440002,178.529999,161.269791,7004900,174
10/24/2018,178.580002,182.369995,176.309998,176.970001,159.860596,6791700,175
10/25/2018,177.520004,180.5,176.830002,179.070007,161.757614,5228000,176
10/26/2018,176.880005,177.339996,170.910004,172.229996,155.578857,9472200,177
10/29/2018,173.740005,175.990005,170.949997,173.199997,156.455124,5918400,178
10/30/2018,173.160004,176.429993,172.639999,176.240005,159.201202,5657100,179
10/31/2018,177.979996,178.850006,175.589996,175.880005,158.876038,6339500,180
11/1/2018,176.839996,180.860001,175.899994,180.460007,163.013214,5225300,181
11/2/2018,182.470001,183.009995,177.389999,179.929993,162.53447,4730600,182
11/5/2018,181.020004,182.410004,179.300003,182.190002,164.575958,3885300,183
11/6/2018,181.929993,182.649994,180.050003,182.009995,164.413361,3338800,184
11/7/2018,183.789993,187.679993,182.059998,187.229996,169.128693,4673400,185
11/8/2018,187.130005,188.690002,185.720001,188,169.824219,4054000,186
11/9/2018,188.320007,188.479996,184.960007,185.990005,168.008575,4761100,187
11/12/2018,185.229996,186.949997,179.020004,179.429993,162.082809,7590400,188
11/13/2018,177.300003,181.619995,172.850006,179,161.694382,14274000,189
11/14/2018,182.610001,182.899994,179.149994,179.899994,162.507339,7561100,190
11/15/2018,179.009995,179.669998,173.610001,177.360001,160.212906,8663100,191
11/16/2018,173.990005,177.610001,173.509995,177.020004,159.905823,6834900,192
11/19/2018,176.710007,178.880005,172.300003,173.589996,156.807388,6203400,193
11/20/2018,169.25,172,167,169.050003,152.706314,8661000,194
11/21/2018,170,170.929993,169.149994,169.300003,152.93219,5752100,195
11/23/2018,169.389999,170.330002,168.470001,168.850006,152.52565,2711000,196
11/26/2018,170.199997,172.389999,168.869995,169.820007,153.401855,6140500,197
11/27/2018,169.110001,173.380005,168.820007,173.220001,156.473145,7084200,198
11/28/2018,172.910004,177.649994,170.619995,177.429993,161.234894,7133600,199
11/29/2018,176.800003,177.270004,174.919998,175.660004,159.626419,4329300,200
11/30/2018,175.75,180.369995,175.110001,180.320007,163.861115,8942400,201
12/3/2018,183.289993,183.5,179.350006,181.740005,165.151505,7610600,202
12/4/2018,181.059998,182.229996,174.550003,175.300003,159.299316,7059600,203
12/6/2018,173.5,176.039993,170.460007,175.960007,159.899109,7571200,204
12/7/2018,175.350006,178.360001,172.240005,172.789993,157.018417,6226100,205
12/10/2018,173.389999,173.990005,167.729996,171.690002,156.018814,5373800,206
12/11/2018,174.300003,175.600006,171.240005,172.210007,156.491348,5229400,207
12/12/2018,173.75,176.869995,172.809998,174.210007,158.308807,5912500,208
12/13/2018,174.309998,174.910004,172.070007,173.869995,157.999832,6102200,209
12/14/2018,172.979996,175.139999,171.949997,172.289993,156.564056,4265200,210
12/17/2018,171.509995,171.990005,166.929993,167.970001,152.638412,5631700,211
12/18/2018,168.899994,171.949997,168.5,170.039993,154.519394,4462200,212
12/19/2018,170.919998,174.949997,166.770004,167.559998,152.265762,6996900,213
12/20/2018,166.279999,167.309998,162.229996,164.160004,149.176132,7675600,214
12/21/2018,162.809998,167.960007,160.169998,160.479996,145.832031,13034100,215
12/24/2018,160.160004,161.399994,158.089996,158.139999,143.705597,4547400,216
12/26/2018,159.460007,168.279999,159.440002,168.279999,152.920059,6141500,217
12/27/2018,166.440002,170.460007,163.360001,170.320007,154.773865,5069300,218
12/28/2018,171.220001,173.119995,168.600006,170.220001,154.682983,4552000,219
12/31/2018,171.470001,173.240005,170.649994,171.820007,156.136948,4206000,220
1/2/2019,169.710007,173.179993,169.050003,172.410004,156.673111,4242900,221
1/3/2019,171.839996,171.839996,168.210007,168.610001,153.219955,4810500,222
1/4/2019,170.179993,174.740005,169.520004,173.619995,157.772659,4762600,223
1/7/2019,173.830002,178.179993,173.830002,177.039993,160.880478,4928800,224
1/8/2019,178.570007,179.589996,175.610001,177.889999,161.652924,4722400,225
1/9/2019,177.869995,181.270004,177.100006,179.729996,163.324921,4922000,226
1/10/2019,178.029999,179.240005,176.339996,179.059998,162.71611,3605300,227
1/11/2019,177.929993,180.259995,177.119995,179.410004,163.034195,3285100,228
1/14/2019,177.589996,179.229996,176.899994,178.809998,162.488922,3871400,229
1/15/2019,176.080002,177.820007,175.199997,176.470001,160.362518,5016100,230
1/16/2019,177.089996,177.929993,175.860001,177.039993,160.880478,4075400,231
1/17/2019,174.009995,175.460007,172,174.869995,158.908569,6499200,232
1/18/2019,176.979996,180.039993,176.179993,179.580002,163.18866,6371100,233
1/22/2019,177.490005,178.600006,175.360001,177.110001,160.944092,6272700,234
1/23/2019,176.589996,178.059998,174.529999,176.889999,160.744171,4910400,235
1/24/2019,177,177.529999,175.300003,177.289993,161.107666,3860100,236
1/25/2019,179.779999,180.869995,178.610001,180.399994,163.933792,4501800,237
1/28/2019,178.970001,179.990005,177.410004,179.830002,163.415833,4091400,238
1/29/2019,178.960007,180.149994,178.089996,179.690002,163.28862,3686900,239
1/30/2019,180.470001,184.199997,179.779999,182.179993,165.551331,5197700,240
1/31/2019,181.5,184.669998,181.059998,183.529999,166.778107,5138000,241
2/1/2019,184.029999,185.149994,182.830002,184.369995,167.541412,4513100,242
2/4/2019,184.300003,186.429993,183.839996,186.429993,169.413391,3050200,243
2/5/2019,186.889999,186.990005,184.690002,186.389999,169.37706,4135200,244
2/6/2019,186.690002,186.690002,184.059998,184.720001,167.859467,3072500,245
2/7/2019,183.740005,184.919998,182.449997,184.070007,167.268829,2793400,246
2/8/2019,183.050003,184.580002,182.720001,184.539993,167.695908,2792300,247
2/11/2019,185,185.419998,182.75,182.919998,166.223755,3729200,248
2/12/2019,183.839996,186.399994,183.520004,185.520004,168.586456,3773200,249
2/13/2019,186.300003,188.679993,185.919998,188.410004,171.212662,4146900,250
2/14/2019,187.5,188.929993,186,187.710007,170.576599,2600600,251
2/15/2019,189.869995,192.619995,189.050003,192.389999,174.829391,4997900,252
2/19/2019,191.710007,193.190002,191.279999,192.330002,174.774887,3828400,253
2/20/2019,192.389999,192.399994,191.110001,191.850006,174.338699,3970100,254
2/21/2019,191.850006,192.369995,190.610001,191.820007,174.311432,3094200,255
2/22/2019,191.690002,192.539993,191.619995,192.389999,174.829391,3321600,256
2/25/2019,192.75,193.419998,189.960007,189.979996,172.639359,6190700,257
2/26/2019,185.589996,188.470001,182.800003,188.300003,171.112717,13635100,258
2/27/2019,187.899994,188.5,183.210007,183.669998,166.905334,8766200,259
2/28/2019,183.600006,185.190002,183.110001,185.139999,168.24115,8060600,260
3/1/2019,185.820007,186.559998,182.860001,185.169998,168.268387,5481300,261
3/4/2019,186.199997,186.240005,182.100006,183.809998,167.032532,5046800,262
3/5/2019,184.240005,185.119995,183.25,184,167.205185,3691000,263
3/6/2019,184.529999,184.970001,183.839996,184.449997,167.614136,4460900,264
3/7/2019,184.389999,184.619995,181.580002,182.509995,165.851212,4122200,265
3/8/2019,181.490005,181.910004,179.520004,181.229996,164.688065,3867100,266
3/11/2019,182,183.199997,181.199997,182.440002,165.787598,3866200,267
3/12/2019,183.429993,184.270004,182.330002,184,167.205185,3777000,268
3/13/2019,183.240005,183.779999,181.080002,181.139999,165.83194,4528300,269
3/14/2019,181.279999,181.740005,180.5,181.610001,166.262268,4393000,270
3/15/2019,182.300003,182.490005,179.570007,182.229996,166.829834,8059100,271
3/18/2019,182.529999,183.479996,182.330002,183.419998,167.919327,4395800,272
3/19/2019,184.190002,185.820007,183.479996,184.130005,168.569305,4437100,273
3/20/2019,184.300003,187.119995,183.429993,186.100006,170.372803,4772600,274
3/21/2019,185.5,190,185.5,189.970001,173.915756,4755700,275
3/22/2019,189.309998,192.050003,188.669998,188.75,172.798859,5173600,276
3/25/2019,188.75,191.710007,188.509995,189.679993,173.650238,3845900,277
3/26/2019,190.690002,192.190002,188.740005,189.339996,173.338974,4143300,278
3/27/2019,189.649994,191.610001,188.389999,189.25,173.256592,4298400,279
3/28/2019,189.910004,191.399994,189.160004,190.059998,173.998169,3326100,280
3/29/2019,190.850006,192.039993,190.139999,191.889999,175.673462,4674100,281
4/1/2019,192.990005,195.899994,192.850006,195.639999,179.106598,5381400,282
4/2/2019,195.5,195.5,194.020004,194.309998,177.888992,2717800,283
4/3/2019,194.979996,198.789993,194.110001,198.610001,181.825577,4581500,284
4/4/2019,199,200.490005,198.020004,200.449997,183.510117,3138400,285
4/5/2019,200.860001,203.130005,200.610001,202.059998,184.984039,3615300,286
4/8/2019,201.369995,203.789993,201.240005,203.550003,186.348083,3040900,287
4/9/2019,202.259995,202.710007,200.460007,200.899994,183.922089,3721700,288
4/10/2019,201.259995,201.600006,198.020004,199.429993,182.576309,3587500,289
4/11/2019,199.899994,201.5,199.029999,201.479996,184.453064,2465100,290
4/12/2019,202.130005,204.259995,202.130005,203.850006,186.622772,3097900,291
4/15/2019,204.160004,205.139999,203.399994,204.860001,187.54744,3049900,292
4/16/2019,205.25,205.990005,204.289993,204.470001,187.190369,3271400,293
4/17/2019,205.339996,206.839996,205.320007,206.550003,189.09462,3271900,294
4/18/2019,206.020004,207.779999,205.100006,205.660004,188.2798,3162500,295
4/22/2019,204.110001,206.25,204,204.779999,187.474167,2593900,296
4/23/2019,205.139999,207.330002,203.429993,206.050003,188.636871,3702600,297
4/24/2019,206.160004,208.300003,205.539993,206.720001,189.250229,2750900,298
4/25/2019,206.009995,207.720001,205.059998,206.5,189.048813,3292100,299
4/26/2019,205.880005,206.139999,203.339996,203.610001,186.403046,3560300,300
4/29/2019,203.309998,203.800003,200.339996,202.160004,185.075577,3785200,301
4/30/2019,201.550003,203.75,200.789993,203.699997,186.485428,3415600,302
5/1/2019,203.199997,203.520004,198.660004,198.800003,181.999542,4644700,303
5/2/2019,199.300003,201.059998,198.800003,201.009995,184.022781,2810000,304
5/3/2019,202,202.309998,200.320007,200.559998,183.610794,3583400,305
5/6/2019,198.740005,199.929993,198.309998,199.630005,182.759384,2619400,306
5/7/2019,196.75,197.649994,192.960007,194.770004,178.310135,4622100,307
5/8/2019,194.490005,196.610001,193.679993,195.169998,178.6763,3122600,308
5/9/2019,193.309998,195.080002,191.589996,194.580002,178.136154,2917700,309
5/10/2019,193.210007,195.490005,190.009995,194.580002,178.136154,3863600,310
5/13/2019,191,191.660004,189.139999,190.339996,174.254486,3325900,311
5/14/2019,190.5,192.759995,190.009995,191.619995,175.426315,3663600,312
5/15/2019,190.809998,192.809998,190.270004,191.759995,175.554443,3355800,313
5/16/2019,192.470001,194.960007,192.199997,192.380005,176.12207,3854000,314
5/17/2019,190.860001,194.5,190.75,192.580002,176.305191,5223800,315
5/20/2019,191.130005,192.860001,190.610001,190.949997,174.812912,4782800,316
5/21/2019,187.130005,192.520004,186.339996,191.449997,175.27066,8555600,317
5/22/2019,190.490005,192.220001,188.050003,188.910004,172.945343,5706000,318
5/23/2019,188.449997,192.539993,186.270004,192,175.774185,7754000,319
5/24/2019,192.539993,193.860001,190.410004,193.589996,177.229813,3799500,320
5/28/2019,194.380005,196.470001,191.350006,191.550003,175.362274,5165800,321
5/29/2019,190.279999,191.880005,188.029999,189.990005,173.934052,4569900,322
5/30/2019,190.130005,192.5,190.089996,191.080002,174.931961,3029800,323
5/31/2019,189.639999,190.289993,188.660004,189.850006,173.805908,3681500,324
6/3/2019,189.520004,191.869995,188.75,189.570007,173.549606,4620200,325
6/4/2019,191.580002,195.5,191.419998,195.25,178.749557,5118100,326
6/5/2019,194.009995,196.720001,193.080002,196.690002,181.330917,3704600,327
6/6/2019,196.649994,197.649994,194.960007,197.169998,181.773422,3732900,328
6/7/2019,197.199997,199.020004,196.210007,197.300003,181.89325,3522300,329
6/10/2019,198.559998,199.850006,197.320007,198.050003,182.584717,3154500,330
6/11/2019,199.020004,200.839996,195.839996,198.009995,182.547836,3708500,331
6/12/2019,198.809998,200.190002,197.979996,198.940002,183.405212,2551500,332
6/13/2019,199.949997,202.679993,199.449997,202.350006,186.54892,3630900,333
6/14/2019,201.309998,206.5,201.309998,205.770004,189.701889,4898000,334
6/17/2019,207,208.789993,206,206.979996,190.817368,4620500,335
6/18/2019,208.100006,210.169998,207.110001,207.479996,191.278351,3891300,336
6/19/2019,207.899994,208.479996,205.899994,207.940002,191.702423,3648200,337
6/20/2019,209.570007,211.660004,209.309998,211.25,194.753937,5171500,338
6/21/2019,211.259995,211.990005,209.080002,209.389999,193.039154,9855000,339
6/24/2019,208.149994,209.259995,205.119995,205.5,189.452972,4943500,340
6/25/2019,206.300003,207.100006,204.199997,204.740005,188.752289,3587900,341
6/26/2019,205.339996,207.320007,204.649994,206.419998,190.301132,3071200,342
6/27/2019,207.610001,208,206.009995,207.020004,190.854233,2286800,343
6/28/2019,207.770004,209,207.389999,207.970001,191.730072,11069000,344
7/1/2019,209.699997,212.309998,208.169998,210.279999,193.85968,4097700,345
7/2/2019,210.240005,210.259995,208.460007,210.139999,193.730637,3160500,346
7/3/2019,209.820007,212.75,209.699997,212.100006,195.537567,2183700,347
7/5/2019,209.970001,212.169998,209.729996,211.460007,194.947571,2547800,348
7/8/2019,210.979996,213.440002,210.589996,212.910004,196.284317,2705300,349
7/9/2019,211.929993,213.330002,211.199997,212,195.445389,2397400,350
7/10/2019,210.720001,211.320007,208.830002,210.75,194.292953,3457400,351
7/11/2019,212.25,214.080002,211.020004,214.039993,197.326065,3450100,352
7/12/2019,215,218.25,214.610001,218.229996,201.188873,4429800,353
7/15/2019,218.949997,219.300003,216.809998,218.699997,201.622192,3141300,354
7/16/2019,217.300003,218.350006,216.729996,217.259995,200.294647,2657400,355
7/17/2019,216.729996,217.580002,215.610001,215.610001,198.773483,3037300,356
7/18/2019,215.5,216.229996,213.009995,214.440002,197.694839,3068000,357
7/19/2019,214.669998,215.229996,212.929993,213.039993,196.40416,3254800,358
7/22/2019,213,213.259995,210.380005,211.270004,194.7724,2764900,359
7/23/2019,212.570007,214.130005,211.729996,213.080002,196.441071,2589900,360
7/24/2019,213.190002,214.789993,213.070007,214.710007,197.943802,2207100,361
7/25/2019,214.279999,215.919998,213.630005,215.550003,198.71817,2335300,362
7/26/2019,215.529999,217.210007,214.100006,216.910004,199.971985,2675500,363
7/29/2019,216.789993,218.270004,216.350006,218.039993,201.013748,2407200,364
7/30/2019,217.520004,218.589996,216.860001,217.360001,200.386856,2172600,365
7/31/2019,216.350006,217.800003,212.169998,213.690002,197.003418,3426400,366
8/1/2019,214.139999,217.610001,212.020004,212.830002,196.210556,3431500,367
8/2/2019,211.860001,213.139999,211.080002,212.149994,195.583664,2884900,368
8/5/2019,209.529999,209.960007,204.080002,204.940002,188.936691,4553200,369
8/6/2019,205.009995,209.089996,204.5,208.800003,192.495255,3646800,370
8/7/2019,206.039993,208.5,203.130005,207.910004,191.674759,3901100,371
8/8/2019,209.699997,211.690002,208.720001,211.570007,195.048965,2968000,372
8/9/2019,211.449997,212.410004,207.949997,210.020004,193.62001,2912100,373
8/12/2019,208.100006,209.639999,206.149994,207.009995,190.845032,2005000,374
8/13/2019,206.309998,211.619995,204.779999,208.330002,192.061951,3876700,375
8/14/2019,204.460007,205.360001,201.509995,201.589996,185.848267,4582100,376
8/15/2019,203,203.759995,199.050003,201.789993,186.032639,4199700,377
8/16/2019,203.75,204.429993,201.669998,203.649994,187.747391,4093600,378
8/19/2019,206.979996,208.820007,205.300003,207.949997,191.711655,6413600,379
8/20/2019,213.5,217.850006,212.169998,217.089996,200.137939,12452600,380
8/21/2019,218.729996,220.880005,216.759995,220.399994,203.189423,7938600,381
8/22/2019,220.050003,222.660004,219.880005,221.020004,203.761063,4544600,382
8/23/2019,219.899994,220.869995,216.009995,217.470001,200.488266,5769300,383
8/26/2019,218.460007,219.5,216.179993,218.649994,201.576111,3680200,384
8/27/2019,219.550003,220.410004,217.910004,218.210007,201.170456,4311700,385
8/28/2019,217.880005,222.089996,217.110001,221.949997,204.618393,3066700,386
8/29/2019,223.899994,227.699997,223.759995,227.320007,209.569061,4184200,387
8/30/2019,228.429993,229.270004,226.690002,227.910004,210.113007,3768300,388
9/3/2019,226.449997,227.630005,223.380005,224.070007,206.572845,4139400,389
9/4/2019,223.949997,224.149994,220.669998,224.149994,207.908493,3132900,390
9/5/2019,226.300003,228.779999,226.25,228.149994,211.618713,3373100,391
9/6/2019,228.699997,231.369995,227.880005,231.130005,214.382767,3237900,392
9/9/2019,231.5,233.869995,230.080002,232.869995,215.996674,4449100,393
9/10/2019,232.25,233.020004,229.710007,233,216.117233,4210600,394
9/11/2019,232.929993,233.679993,231.020004,232.660004,215.801895,2978300,395
9/12/2019,233.419998,235.490005,233.110001,233.800003,216.859283,3366100,396
9/13/2019,234.330002,234.970001,232.330002,233.979996,217.02626,3805500,397
9/16/2019,232.729996,233.610001,230.610001,230.990005,214.252914,3120200,398
9/17/2019,226.789993,230.330002,226.470001,230.210007,213.529465,3732500,399
9/18/2019,230.369995,231.529999,229.009995,230.830002,214.104492,3341800,400
9/19/2019,231.149994,231.399994,227.949997,228.119995,211.590836,3134000,401
9/20/2019,227.990005,230.050003,224.229996,224.669998,208.390854,7687700,402
9/23/2019,224.160004,227.139999,223.949997,226.25,209.856354,2754000,403
9/24/2019,228.139999,230.240005,224.779999,225.410004,209.077225,4511300,404
9/25/2019,226.589996,228.449997,224.5,228.100006,211.572311,3716700,405
9/26/2019,229.679993,231.119995,229,229.789993,213.139847,4200600,406
9/27/2019,231.610001,231.75,229.130005,229.860001,213.204788,3152000,407
9/30/2019,230.190002,232.589996,230.119995,232.020004,215.208298,3249200,408
10/1/2019,233.009995,234.509995,230.720001,231.080002,214.336395,3335400,409
10/2/2019,230.600006,230.600006,224.339996,225.550003,209.207092,4336100,410
10/3/2019,225,226.809998,222.119995,226.809998,210.375793,2777700,411
10/4/2019,227.169998,229.210007,227.020004,227.929993,211.414642,3163100,412
10/7/2019,227.509995,228.130005,226.050003,226.740005,210.310837,2917600,413
10/8/2019,225.360001,228.779999,225.100006,226.669998,210.245941,3438500,414
10/9/2019,228.5,229.559998,226.610001,228.940002,212.351486,2657600,415
10/10/2019,229.339996,232.240005,229.080002,231.610001,214.827988,2781500,416
10/11/2019,234.320007,236.699997,233.759995,234.660004,217.656982,3459200,417
10/14/2019,234.220001,235.490005,234.059998,234.179993,217.211716,2183900,418
10/15/2019,234.690002,236.860001,234.600006,235.619995,218.547409,2663300,419
10/16/2019,235.419998,236.169998,233.839996,235.899994,218.807144,2388100,420
10/17/2019,236.360001,238.169998,235.509995,236.770004,219.61409,2250500,421
10/18/2019,236.990005,238.729996,235.639999,237.929993,220.690033,3662500,422
10/21/2019,238.259995,238.990005,235.610001,236.699997,219.549164,2041700,423
10/22/2019,237.300003,238.300003,236.520004,237.199997,220.012939,2003200,424
10/23/2019,236.660004,237.410004,234.360001,234.669998,217.66626,2110500,425
10/24/2019,234.809998,236.369995,233.070007,233.889999,216.94281,2173900,426
10/25/2019,233.490005,235.419998,232.550003,234.380005,217.397278,2210900,427
10/28/2019,234.949997,236.960007,234.559998,236.800003,219.641953,2705000,428
10/29/2019,236.839996,237.5,233.919998,234.139999,217.174652,2558000,429
10/30/2019,233.509995,236.600006,232.880005,236.240005,219.122513,1956700,430
10/31/2019,236.860001,237.389999,233.220001,234.580002,217.582809,2824100,431
11/1/2019,236.070007,237.449997,235.059998,237.339996,220.142776,2197400,432
11/4/2019,238.270004,238.389999,233.880005,234.919998,217.898148,2542400,433
11/5/2019,234.740005,234.919998,230.270004,232.199997,215.375229,3624600,434
11/6/2019,232.830002,234.039993,231.889999,234.009995,217.054092,2631900,435
11/7/2019,234,235.789993,231.759995,232.940002,216.0616,2832500,436
11/8/2019,232.800003,233.259995,231.630005,232.839996,215.968842,2088400,437
11/11/2019,230.5,232.279999,230.179993,231.800003,215.004227,2309600,438
11/12/2019,232.149994,234.630005,232,233.119995,216.228577,2991100,439
11/13/2019,232.089996,234.899994,230.850006,234.800003,217.78685,2399600,440
11/14/2019,235,236.940002,234.039993,236.550003,219.410049,2282200,441
11/15/2019,237.690002,238.050003,236.360001,237.289993,220.096405,3524700,442
11/18/2019,238.440002,239.309998,236.759995,238.850006,221.543396,5747400,443
11/19/2019,230.600006,233.119995,225.399994,225.860001,209.494614,14972200,444
11/20/2019,224.550003,225,220.570007,220.899994,204.893997,10225400,445
11/21/2019,221.940002,222.309998,218.5,218.539993,202.705032,7823700,446
11/22/2019,218.5,219.130005,217.809998,218.029999,202.231979,5786500,447
11/25/2019,218,218.529999,216.880005,218.399994,202.57515,8865400,448
11/26/2019,218.759995,220.960007,218.389999,220.759995,204.764145,9981400,449
11/27/2019,221.679993,223.449997,220.660004,223,206.841843,6687500,450
11/29/2019,223.300003,223.330002,220.289993,220.509995,204.532288,2952900,451
12/2/2019,220.899994,221.190002,217.460007,217.619995,201.851654,4416300,452
12/3/2019,216.449997,216.449997,212.929993,214,198.493988,6505400,453
12/4/2019,213.5,214.960007,213.190002,214.100006,199.856827,4256200,454
12/5/2019,214.360001,214.5,211.770004,213,198.830032,4580500,455
12/6/2019,214.210007,215.360001,213.899994,214.279999,200.024918,4193700,456
12/9/2019,214.289993,217.880005,214.179993,216.529999,202.125214,5111100,457
12/10/2019,216.520004,216.690002,215.100006,215.899994,201.537109,4663000,458
12/11/2019,211.029999,213.649994,210.610001,212,197.896561,8284800,459
12/12/2019,212.5,214.130005,210.729996,212.039993,197.933868,9915100,460
12/13/2019,212.119995,214.229996,210.669998,214.080002,199.838181,6869200,461
12/16/2019,214.429993,216.720001,214.300003,215.529999,201.191696,5850300,462
12/17/2019,216.020004,219.449997,215.869995,217.720001,203.236008,7574400,463
12/18/2019,218.210007,219.589996,217.639999,218,203.497391,6677400,464
12/19/2019,218.479996,220.770004,218.279999,220.220001,205.569717,5405000,465
12/20/2019,220.589996,221.570007,219.800003,221.190002,206.475204,7778200,466
12/23/2019,222,222,219.139999,219.210007,204.626923,3943700,467
12/24/2019,219.5,221.039993,219.220001,220.669998,205.989777,2260700,468
12/26/2019,220.740005,221.149994,219.589996,220.820007,206.129837,2649200,469
12/27/2019,221.199997,221.789993,219.779999,219.970001,205.336319,3082800,470
12/30/2019,220.369995,220.490005,216.550003,217.309998,202.853302,3952400,471
12/31/2019,217.100006,218.509995,216.440002,218.380005,203.852112,3789900,472
1/2/2020,219.080002,219.759995,217.839996,219.660004,205.046967,3935700,473
1/3/2020,217.139999,219.679993,216.75,218.929993,204.36554,3423200,474
1/6/2020,216.490005,220,216.399994,219.960007,205.327011,5682800,475
1/7/2020,219.5,220.559998,216.899994,218.520004,203.982803,5685400,476
1/8/2020,218.800003,222.970001,218.669998,221.789993,207.035248,4916200,477
1/9/2020,222.639999,225.550003,221.850006,225.190002,210.209091,4843600,478
1/10/2020,224.75,225.490005,223.029999,224.220001,209.303604,4226600,479
1/13/2020,224.5,224.509995,222.679993,223.339996,208.482132,6060900,480
1/14/2020,222.479996,224.949997,222.309998,222.809998,207.987411,3915100,481
1/15/2020,222.279999,224.979996,222.130005,224.589996,209.649002,3444300,482
1/16/2020,225.929993,228.860001,225.399994,228.820007,213.597595,5390800,483
1/17/2020,229.610001,232.600006,228.910004,231.910004,216.482056,7979200,484
1/21/2020,231.529999,233.660004,231.059998,232.949997,217.45285,4873500,485
1/22/2020,233.789993,236.529999,232.880005,232.899994,217.406189,4030800,486
1/23/2020,232.130005,234.820007,230.639999,233.649994,218.106277,4617900,487
1/24/2020,234.460007,235.429993,230.559998,232,216.56604,4467500,488
1/27/2020,228.199997,232.470001,228.199997,231.190002,215.809952,3595600,489
1/28/2020,231.820007,235.25,231.350006,233.860001,218.302292,3621900,490
1/29/2020,234.899994,235.880005,233.399994,234.020004,218.451675,2564000,491
1/30/2020,232,233.300003,231.570007,232.789993,217.303467,4685700,492
1/31/2020,232.960007,233.229996,227.889999,228.100006,212.925491,5304700,493
2/3/2020,230.300003,233.529999,229.350006,231.539993,216.136612,5100900,494
2/4/2020,234.029999,236.360001,234.029999,235,219.36647,3505100,495
2/5/2020,237.100006,238.320007,235.860001,238.110001,222.269577,3868600,496
2/6/2020,238,239.410004,237.479996,238.839996,222.950974,3930300,497
2/7/2020,238.839996,239.529999,236.520004,237.300003,221.513458,2456100,498
2/10/2020,236.600006,240.610001,236.179993,240.610001,224.603256,2568000,499
2/11/2020,240.610001,242.449997,240.199997,241.639999,225.564758,2692400,500
2/12/2020,242.130005,242.300003,238.839996,241.589996,225.518036,3592100,501
2/13/2020,240.970001,243.600006,240.399994,242.360001,226.236832,2468100,502
2/14/2020,243.440002,245.199997,242.630005,245.029999,228.729202,2841600,503
2/18/2020,244.839996,246.110001,243.160004,243.940002,227.711731,2892600,504
2/19/2020,244.910004,245.5,243.009995,243.639999,227.431656,2713300,505
2/20/2020,243.690002,247.119995,242.149994,247.020004,230.586792,3701800,506
2/21/2020,246.5,247.360001,244,245.339996,229.01857,3881100,507
2/24/2020,238.479996,243.110001,237.699997,239.699997,223.753769,5350100,508
2/25/2020,246.100006,246.970001,236.479996,237.380005,221.58812,8061500,509
2/26/2020,239.100006,241.039993,234.320007,235.279999,219.627853,6963000,510
2/27/2020,231.070007,234.820007,224.570007,224.729996,209.779678,7612800,511
2/28/2020,218.630005,221.059998,212.330002,217.839996,203.348068,11809600,512
3/2/2020,219.979996,230,218.490005,229.940002,214.643097,7150800,513
3/3/2020,230.029999,235.820007,225.570007,227.940002,212.776108,8432500,514
3/4/2020,233.009995,241.320007,231.800003,241.080002,225.042023,6770000,515
3/5/2020,236.600006,239.610001,233.149994,234.809998,219.189087,6473900,516
3/6/2020,227.570007,230.289993,222.25,228.509995,213.308228,7399900,517
3/9/2020,213.869995,216.179993,207.25,210.460007,196.459015,10120500,518
3/10/2020,217.210007,225.830002,211,225.699997,210.685135,7206600,519
3/11/2020,217.300003,219.149994,210.5,212.889999,200.056931,7253900,520
3/12/2020,195.410004,206.580002,184.839996,190.589996,179.101181,10928700,521
3/13/2020,200.449997,205.820007,190,205.669998,193.272141,10292300,522
3/16/2020,181.970001,186.100006,163.110001,164.960007,155.016159,12536600,523
3/17/2020,168.210007,174.779999,155.300003,173.639999,163.172928,16234400,524
3/18/2020,159.800003,162.330002,140.630005,155.630005,146.248581,14681900,525
3/19/2020,153.160004,162.910004,142,161.130005,151.417023,13499100,526
3/20/2020,162.779999,170.220001,151.809998,152.149994,142.978348,12602400,527
3/23/2020,150.059998,164.929993,146.339996,162.389999,152.601089,12241600,528
3/24/2020,173.389999,185.669998,172.009995,184.720001,173.585022,14676600,529
3/25/2020,184.419998,191.550003,180,181.759995,170.803436,11497400,530
3/26/2020,183.490005,198.199997,182.5,195.210007,183.442673,10170300,531
3/27/2020,188.490005,196.380005,186.5,190.550003,179.063599,7121700,532
3/30/2020,190.570007,198.199997,187.610001,196.100006,184.279007,6936700,533
3/31/2020,194.800003,195.490005,185.449997,186.710007,175.455078,7335400,534
4/1/2020,175.910004,182.759995,175,178.630005,167.862137,7858200,535
4/2/2020,174.949997,182.720001,174,181.309998,170.380569,6353900,536
4/3/2020,179.559998,181.350006,174.940002,178.699997,167.927902,7299800,537
4/6/2020,188,192.410004,185.130005,191.330002,179.79657,7454000,538
4/7/2020,202.919998,204.110001,191.850006,192.289993,180.698669,6438800,539
4/8/2020,194.210007,196.770004,191.539993,194.820007,183.076187,6094700,540
4/9/2020,199.800003,205.990005,196.5,201.529999,189.381714,7125100,541
4/13/2020,200.449997,200.449997,195.369995,198.789993,186.806839,4415600,542
4/14/2020,201.880005,209.729996,200.130005,207.169998,194.681717,5655400,543
4/15/2020,198.669998,202.240005,196.610001,198.479996,186.515549,5693900,544
4/16/2020,199.119995,202.210007,196.820007,199.850006,187.802963,7262800,545
4/17/2020,207.169998,210.25,206.160004,209.419998,196.796082,6717600,546
4/20/2020,206.130005,211.029999,205.360001,206.050003,193.629227,4753100,547
4/21/2020,200.75,204.339996,199.509995,200.610001,188.517181,4845000,548
4/22/2020,201.889999,205.710007,201.139999,204.169998,191.862564,4067700,549
4/23/2020,203.320007,206.970001,202.190002,202.320007,190.124069,3565500,550
4/24/2020,204.729996,212.929993,203.850006,212.179993,199.389694,5025200,551
4/27/2020,215.039993,220.940002,214.009995,217.759995,204.633347,5472800,552
4/28/2020,223.990005,224.220001,216.910004,217.630005,204.511169,5080700,553
4/29/2020,221.339996,224.169998,219.820007,221.809998,208.439209,4381100,554
4/30/2020,216.789993,222.110001,216.520004,219.830002,206.578568,5152700,555
5/1/2020,216.770004,219.699997,215.770004,218.570007,205.394531,3819300,556
5/4/2020,216.679993,222.660004,215.210007,221.839996,208.467407,4090900,557
5/5/2020,224.940002,228.850006,223.610001,225.610001,212.010147,4655200,558
5/6/2020,227.369995,228.440002,223.800003,223.919998,210.422028,3321100,559
5/7/2020,226.509995,231.630005,226.419998,229.449997,215.618668,4501300,560
5/8/2020,232.699997,235.550003,231.149994,234.429993,220.298477,4365200,561
5/11/2020,231.770004,238.770004,231.25,236.559998,222.300095,4378300,562
5/12/2020,238.570007,239.25,232.899994,232.899994,218.860733,4399600,563
5/13/2020,233.039993,236.300003,228.539993,230.100006,216.229492,6237200,564
5/14/2020,226.369995,234.660004,226.199997,234.479996,220.345444,6434500,565
5/15/2020,232.789993,243.229996,232.699997,239.330002,224.903091,16176300,566
5/18/2020,245.839996,248.320007,244.039993,245.350006,230.560242,8314800,567
5/19/2020,240.449997,242.460007,237.800003,238.100006,223.747269,9387000,568
5/20/2020,242,242.270004,234.949997,238.190002,223.831848,7534200,569
5/21/2020,237.619995,241.179993,235.789993,240.880005,226.359665,4772700,570
5/22/2020,240.699997,242.339996,238.660004,241.880005,227.299393,3041800,571
5/26/2020,248.149994,248.220001,242.070007,242.479996,227.863235,4535200,572
5/27/2020,242.690002,247.389999,240.779999,247.360001,232.449036,4664800,573
5/28/2020,249.520004,252.229996,244.429993,245.139999,230.362885,5259300,574
5/29/2020,245.059998,249.710007,244.729996,248.479996,233.501556,5341600,575
6/1/2020,249.410004,249.779999,245.869995,247.289993,232.38327,3407800,576
6/2/2020,248.630005,252.720001,247,252.710007,237.476578,5301000,577
6/3/2020,251.800003,252.830002,250.389999,251,237.27803,4638100,578
6/4/2020,249.770004,252.169998,247.470001,248.949997,235.340103,4759400,579
6/5/2020,252.339996,255.850006,250.380005,254.899994,240.964813,5054300,580
6/8/2020,252.490005,256.809998,252.259995,256.769989,242.732574,3811900,581
6/9/2020,255.330002,258.290009,253.860001,256.76001,242.723145,3716100,582
6/10/2020,257.450012,259.290009,254.220001,254.449997,240.539444,3589800,583
6/11/2020,248.860001,250.619995,238.740005,239.470001,226.378387,6563700,584
6/12/2020,243.070007,246.389999,237.050003,242.449997,229.195465,5238500,585
6/15/2020,237.619995,242.220001,234.309998,241.360001,228.165054,6250900,586
6/16/2020,249.399994,251.649994,242.869995,249.949997,236.285446,5291600,587
6/17/2020,252.770004,254.619995,250.080002,250.850006,237.136276,4234000,588
6/18/2020,249.360001,251.75,247.130005,249.210007,235.585892,3347800,589
6/19/2020,253.100006,254.300003,246.380005,246.649994,233.165833,11114600,590
6/22/2020,245.699997,250.059998,245.509995,249.160004,235.538635,3815200,591
6/23/2020,253,253.440002,250.130005,250.309998,236.625732,3105300,592
6/24/2020,247.809998,250.289993,242.729996,246.130005,232.674301,3873000,593
6/25/2020,244.800003,246.350006,242.199997,245.380005,231.965286,2938400,594
6/26/2020,245.350006,246.100006,240.25,241.009995,227.834167,5002700,595
6/29/2020,242.660004,246.5,240.339996,246.119995,232.664825,3468300,596
6/30/2020,247,251.649994,246.089996,250.509995,236.814835,4524600,597
7/1/2020,249.649994,250.330002,246.929993,248.149994,234.583832,3677300,598
7/2/2020,251.940002,252.300003,247.919998,248.5,234.914703,3369800,599
7/6/2020,250.270004,251.5,247.039993,249.550003,235.907288,3133800,600
7/7/2020,247.369995,250.779999,247.070007,247.350006,233.827576,2927800,601
7/8/2020,247.869995,249.789993,246.220001,249.169998,235.54808,2294000,602
7/9/2020,249.660004,250.509995,246.350006,247.960007,234.404236,2994700,603
7/10/2020,248.289993,250.330002,246.639999,250.110001,236.436707,2745300,604
7/13/2020,251.919998,257.859985,249.089996,249.619995,235.97348,4437500,605
7/14/2020,249,258.179993,248.460007,257.790009,243.696869,4614200,606
7/15/2020,260.140015,261.290009,255.149994,257.799988,243.706284,4343700,607
7/16/2020,256.76001,260.5,256,258.079987,243.970978,2511200,608
7/17/2020,260.029999,260.649994,257.720001,260.380005,246.145248,3091300,609
7/20/2020,259.040009,261.200012,258.019989,260.170013,245.946762,2451100,610
7/21/2020,261.619995,263.869995,260.720001,262.420013,248.073746,2439900,611
7/22/2020,262.589996,265.589996,262,265.170013,250.673401,2750000,612
7/23/2020,267.799988,267.799988,261.799988,263.809998,249.387756,2680100,613
7/24/2020,265.040009,266.890015,262.98999,265.309998,250.805664,2984500,614
7/27/2020,265.089996,268.679993,265.089996,267.420013,252.800369,2412500,615
7/28/2020,268.559998,269.070007,264.670013,265.279999,250.777313,2227000,616
7/29/2020,264.799988,267.109985,264.170013,264.660004,250.191269,2874100,617
7/30/2020,263.339996,267.350006,261.549988,266.309998,251.751007,2347800,618
7/31/2020,265,267.170013,260.609985,265.48999,250.975876,3640600,619
8/3/2020,266.730011,268.579987,265.670013,266.179993,251.628128,2363500,620
8/4/2020,266.630005,267.890015,263.839996,267.869995,253.225754,2224000,621
8/5/2020,268.390015,268.390015,265.890015,267.480011,252.857101,1959900,622
8/6/2020,266.600006,270.440002,266.529999,269.369995,254.643738,2203400,623
8/7/2020,270.609985,274.920013,269.809998,271.640015,256.789703,2846300,624
8/10/2020,272.420013,275,271.799988,274.730011,259.710754,2393100,625
8/11/2020,277.690002,279.369995,274.410004,274.920013,259.89032,3321300,626
8/12/2020,279.75,282.970001,276.959991,281.579987,266.186249,3867900,627
8/13/2020,281.160004,282.649994,279.73999,281.660004,266.261902,2202400,628
8/14/2020,281.140015,282,279.190002,280.549988,265.212555,2490400,629
8/17/2020,284.399994,289.220001,283.570007,288.23999,272.482178,5584400,630
8/18/2020,288.899994,290.579987,283.040009,285,269.41925,6934300,631
8/19/2020,287.459991,287.970001,281.929993,282.859985,267.396301,4986800,632
8/20/2020,280.540009,281.910004,279.440002,280.679993,265.335449,3530000,633
8/21/2020,279.970001,283.549988,278.420013,283.230011,267.746033,5519100,634
8/24/2020,284.98999,286.850006,281.920013,286.75,271.073578,4430900,635
8/25/2020,287.269989,287.480011,283.890015,286.130005,270.487518,2854500,636
8/26/2020,287.730011,292.119995,286.269989,291.929993,275.970428,4001900,637
8/27/2020,292.220001,292.950012,286.559998,288.630005,272.85083,3430900,638
8/28/2020,288.309998,288.829987,284.769989,286.290009,270.638733,3100100,639
8/31/2020,285,286.690002,282.869995,285.040009,269.457092,4105400,640
9/1/2020,284.029999,286.679993,283.5,285.940002,270.307892,3235100,641
9/2/2020,284.850006,288.040009,283.600006,287.200012,272.930786,3464600,642
9/3/2020,287.299988,287.700012,272.170013,274.630005,260.985291,5380100,643
9/4/2020,275.549988,276.769989,264.670013,269.660004,256.262238,5253500,644
9/8/2020,267.109985,271.040009,262.809998,269.26001,255.882111,5241200,645
9/9/2020,272.459991,279.73999,271.75,277.040009,263.275513,4754700,646
9/10/2020,278.01001,280.980011,271.170013,272.700012,259.151215,3156300,647
9/11/2020,273.980011,277.980011,273.459991,276.329987,262.60083,3729200,648
9/14/2020,278.549988,282.459991,278.019989,280.649994,266.706207,3055800,649
9/15/2020,283.040009,286.700012,282.380005,285.579987,271.391266,4174900,650
9/16/2020,285.609985,286.579987,280.679993,281.630005,267.637543,3379100,651
9/17/2020,277.910004,282.720001,276.959991,279.959991,266.050476,3166600,652
9/18/2020,278.410004,279.829987,270.809998,275.190002,261.517456,6072900,653
9/21/2020,271.869995,272.899994,266.529999,272.350006,258.818634,3548000,654
9/22/2020,271.679993,273.519989,270.630005,273.309998,259.730927,2972000,655
9/23/2020,275.420013,276.619995,264.690002,266.549988,253.306732,4467600,656
9/24/2020,265.709991,269.700012,263.880005,265.700012,252.498947,3095600,657
9/25/2020,264.190002,270.149994,263.920013,268.549988,255.207352,2457700,658
9/28/2020,271.929993,274.220001,270.299988,272.329987,258.799591,3061100,659
9/29/2020,273.399994,273.839996,271.109985,272.109985,258.590515,2048900,660
9/30/2020,273.480011,279.920013,272.519989,277.709991,263.912262,4778800,661
10/1/2020,279.440002,280,275.850006,277.619995,263.826721,2696900,662
10/2/2020,274.940002,281.079987,274.100006,279.309998,265.4328,2943600,663
10/5/2020,280.920013,282.420013,279.700012,282.100006,268.084167,2330700,664
10/6/2020,282.5,283,275.769989,276.470001,262.733917,2992500,665
10/7/2020,280.850006,284,280,282.790009,268.739899,3423700,666
10/8/2020,283.839996,284.950012,281.170013,284.519989,270.383911,2256200,667
10/9/2020,285.470001,287.279999,284.089996,285.920013,271.714386,2240100,668
10/12/2020,287.390015,288.329987,286.059998,286.910004,272.655182,2411900,669
10/13/2020,285.700012,290.769989,285.700012,290.359985,275.933746,2699900,670
10/14/2020,289.51001,290.299988,285.149994,287.089996,272.826172,2221000,671
10/15/2020,284.119995,290.25,283.119995,287.540009,273.253845,2699400,672
10/16/2020,288.25,292.649994,287.25,287.660004,273.36792,3108600,673
10/19/2020,289.76001,290.109985,283.380005,283.730011,269.633179,2428100,674
10/20/2020,285.140015,289.790009,284.130005,286.040009,271.828461,2281500,675
10/21/2020,285.390015,288.019989,283.279999,284.51001,270.37439,2304500,676
10/22/2020,283.929993,285.679993,280.649994,281.160004,267.190857,2787000,677
10/23/2020,282.380005,283.190002,279.549988,283,268.939453,1750600,678
10/26/2020,279.640015,281.529999,272,276.040009,262.325256,2911900,679
10/27/2020,276.98999,279.730011,276.119995,276.839996,263.08548,3014100,680
10/28/2020,270.25,273.670013,268.690002,269.720001,256.319244,3255900,681
10/29/2020,269.690002,273.700012,267.309998,269.630005,256.233734,2872500,682
10/30/2020,268.820007,269.619995,262.029999,266.709991,253.458817,3872800,683
11/2/2020,270.149994,274.779999,268.519989,270.73999,257.288574,2956400,684
11/3/2020,274.850006,279.529999,273.720001,277.369995,263.589142,3037500,685
11/4/2020,276.76001,287.040009,276.01001,282.720001,268.67334,3525300,686
11/5/2020,288.350006,289,284.079987,285.850006,271.647858,2516600,687
11/6/2020,286.730011,286.779999,282.850006,284.23999,270.117828,2839100,688
11/9/2020,287.980011,288.420013,269.470001,269.970001,256.556824,7856400,689
11/10/2020,272.790009,275.790009,269.25,275.570007,261.878571,4828500,690
11/11/2020,277.320007,281.690002,276.170013,277.75,263.950317,2987900,691
11/12/2020,283,283.690002,273.839996,276.23999,262.51532,3818600,692
11/13/2020,276.420013,279.730011,275.26001,277.170013,263.399109,3939200,693
11/16/2020,279.179993,281.290009,276.399994,279.570007,265.679901,5360200,694
11/17/2020,272.100006,273.529999,269.399994,272.470001,258.932587,8532200,695
11/18/2020,270.5,275.380005,269,269.829987,256.423798,5122200,696
11/19/2020,270.420013,272.380005,268.700012,270.929993,257.469116,3929400,697
11/20/2020,271.450012,272.369995,268.869995,269.809998,256.404816,4111000,698
11/23/2020,270.01001,273.690002,269.549988,271.399994,257.915741,3294200,699
11/24/2020,274,275.549988,272.570007,273.309998,259.730927,4773400,700
11/25/2020,273.480011,274.73999,271.209991,273.959991,260.348602,3001700,701
11/27/2020,275.23999,276.579987,274.359985,275.98999,262.27774,1625300,702
11/30/2020,275.220001,277.76001,271.920013,277.410004,263.627167,4624100,703
12/1/2020,278.730011,278.950012,275.549988,276.600006,262.857422,3942400,704
12/2/2020,273.970001,274.109985,269.570007,271.100006,259.035461,4168600,705
12/3/2020,270.630005,271.929993,267.140015,268.140015,256.207153,4168900,706
12/4/2020,267.470001,268.730011,262.820007,263.98999,252.241821,7732800,707
12/7/2020,263.5,264.5,261,262.640015,250.951996,6379000,708
12/8/2020,261.720001,262.5,258.730011,261.720001,250.072861,5338100,709
12/9/2020,264.609985,265.769989,262.25,265.579987,253.761032,4550100,710
12/10/2020,264.079987,266.070007,262.109985,264.809998,253.025375,4234300,711
12/11/2020,263.359985,265.359985,262.649994,264.549988,252.776917,3454500,712
12/14/2020,266.140015,268.600006,265.269989,265.579987,253.761032,4576800,713
12/15/2020,267.51001,268.76001,266.200012,267.980011,256.054291,3754100,714
12/16/2020,268.529999,270.75,267.51001,269.589996,257.592651,4669600,715
12/17/2020,272.160004,274.329987,271.299988,273.970001,261.77771,4247000,716
12/18/2020,274.589996,275.73999,270.299988,270.450012,258.414368,9817000,717
12/21/2020,268.559998,271.950012,265.880005,270.98999,258.930328,4339000,718
12/22/2020,270.059998,271.359985,268.51001,270.040009,258.022644,3140100,719
12/23/2020,270.059998,271,268.200012,269.809998,257.802856,2337100,720
12/24/2020,269.440002,271.359985,269.399994,270.920013,258.863464,1093900,721
12/28/2020,272.170013,272.25,269.23999,269.25,257.267761,2633800,722
12/29/2020,269.980011,270.459991,265.070007,266.190002,254.343964,2572100,723
12/30/2020,266.109985,267.299988,264.920013,265.26001,253.455368,2511400,724
12/31/2020,265.570007,265.950012,263.579987,265.619995,253.799286,2607900,725
1/4/2021,266.01001,266.440002,261.059998,263.920013,252.174973,5002000,726
1/5/2021,262.660004,266.529999,262.26001,266.049988,254.21019,3822600,727
1/6/2021,264.059998,269.769989,261.869995,267.570007,255.662521,3949200,728
1/7/2021,266.950012,268.779999,266.170013,266.26001,254.410843,3833200,729
1/8/2021,267.350006,270.730011,267,269.089996,257.114899,3757700,730
1/11/2021,267.470001,273.369995,267.26001,271.230011,259.159698,3764400,731
1/12/2021,271.109985,277.940002,270.649994,276.329987,264.032623,4030900,732
1/13/2021,278.309998,280.480011,273.940002,274.049988,261.854126,3921400,733
1/14/2021,274.5,274.899994,267.670013,268.339996,256.398254,4641400,734
1/15/2021,268.630005,276.390015,268,275.589996,263.325623,5131700,735
1/19/2021,278,278,273.019989,273.190002,261.03244,3615800,736
1/20/2021,273.25,277.209991,271.5,274.299988,262.092987,3498400,737
1/21/2021,276.220001,280.700012,275.670013,279.049988,266.631653,4397900,738
1/22/2021,279.26001,285.079987,277.869995,284,271.361359,4501900,739
1/25/2021,283.850006,285.769989,281.420013,285.079987,272.39328,4025900,740
1/26/2021,285.420013,285.649994,281.700012,282.600006,270.023651,2472200,741
1/27/2021,279.98999,280.809998,273.079987,274.049988,261.854126,4337000,742
1/28/2021,276.170013,282.959991,274.929993,278.049988,265.676117,3463000,743
1/29/2021,275.809998,277.059998,270.029999,270.820007,258.767883,4079500,744
2/1/2021,271.230011,272.649994,267.25,270.070007,258.05127,3707800,745
2/2/2021,270,275.690002,269.98999,272.160004,260.048248,4111800,746
2/3/2021,271.890015,275.720001,270.709991,274.170013,261.968811,2802700,747
2/4/2021,274.25,279.440002,274.25,278.820007,266.411896,2976000,748
2/5/2021,280.290009,281.76001,277.809998,278.859985,266.450073,2389900,749
2/8/2021,279.690002,280.420013,276.890015,280.029999,267.568054,3475600,750
2/9/2021,279.660004,280.200012,276.619995,276.769989,264.453094,2507800,751
2/10/2021,278.029999,278.929993,276.25,278.690002,266.287628,2410600,752
2/11/2021,277.929993,280.25,276.01001,277.059998,264.730194,2595300,753
2/12/2021,277.119995,278.709991,276.579987,277.51001,265.160217,2392200,754
2/16/2021,277.01001,278.630005,274.880005,275.390015,263.134552,2873500,755
2/17/2021,275.540009,281.790009,275.399994,280.920013,268.418396,3536400,756
2/18/2021,280.799988,284.679993,279.829987,283.049988,270.453613,3532000,757
2/19/2021,282.869995,283.910004,279.440002,279.640015,267.195374,4079900,758
2/22/2021,278.209991,278.48999,273.630005,275.850006,263.574066,3995500,759
2/23/2021,269.380005,269.670013,257.579987,267.23999,255.347229,12111000,760
2/24/2021,263.230011,266.98999,254.029999,259.970001,248.400757,14512700,761
2/25/2021,259.75,260.899994,254.710007,255.25,243.890762,6545400,762
2/26/2021,257.769989,260.23999,256.109985,258.339996,246.843307,7871200,763
3/1/2021,258.809998,262.480011,258.470001,261.619995,249.977325,4528900,764
3/2/2021,261.679993,263.109985,259.769989,260.290009,248.706512,3740300,765
3/3/2021,259.279999,260.5,256.01001,257.359985,245.906891,4257500,766
3/4/2021,256,256.859985,247.100006,250.929993,239.763046,7154900,767
3/5/2021,252.259995,254.199997,246.589996,253.520004,242.237808,6351800,768
3/8/2021,254.229996,263.230011,252.520004,259.029999,247.502579,5037400,769
3/9/2021,262.730011,267.570007,261.790009,264.959991,253.168716,6625300,770
3/10/2021,265.920013,268.75,264.079987,266.23999,255.985825,3798400,771
3/11/2021,268.600006,270.779999,267.200012,268.850006,258.4953,4371300,772
3/12/2021,267.450012,273.809998,266.76001,273.100006,262.581665,4190500,773
3/15/2021,274.5,279.649994,274.339996,278.540009,267.812103,4355200,774
3/16/2021,278.540009,282.519989,277.649994,282.079987,271.21579,4458900,775
3/17/2021,281.140015,283.880005,279.25,280.029999,269.24472,5908400,776
3/18/2021,279.029999,285.470001,277.76001,283.160004,272.25415,4808100,777
3/19/2021,283.640015,289.100006,282.429993,289.100006,277.965393,13729200,778
3/22/2021,286.5,290.329987,284.200012,288.940002,277.811523,5564700,779
3/23/2021,289.609985,293.429993,288.940002,289.980011,278.811493,4801200,780
3/24/2021,289.26001,296.779999,288.98999,292.75,281.474792,4842000,781
3/25/2021,293.029999,297.880005,292.459991,297.179993,285.734192,5373500,782
3/26/2021,297.339996,304,296.029999,303.809998,292.108856,5865900,783
3/29/2021,303.299988,305.549988,299.929993,302.200012,290.560852,4642900,784
3/30/2021,301.649994,305.679993,300.040009,304.820007,293.079956,5045400,785
3/31/2021,305.5,308.019989,304.140015,305.25,293.493378,4744100,786
4/1/2021,306.880005,308.549988,303.890015,307.75,295.897095,3923900,787
4/5/2021,309.839996,315.850006,309.73999,315.399994,303.252441,4697200,788
4/6/2021,313.609985,315.940002,313.130005,313.779999,301.694824,3988600,789
4/7/2021,312.839996,315.140015,310.929993,312.470001,300.435303,3799300,790
4/8/2021,312.700012,315.25,310.589996,314.429993,302.319794,4035600,791
4/9/2021,315.369995,319.320007,314.75,319.230011,306.934906,4607800,792
4/12/2021,317.720001,321.309998,317.309998,320.790009,308.434875,3556800,793
4/13/2021,320.529999,320.899994,317,320.399994,308.059906,3635100,794
4/14/2021,319.709991,322.700012,319.290009,320.019989,307.694519,3440600,795
4/15/2021,320.209991,323.399994,320.049988,322.73999,310.309784,3508200,796
4/16/2021,324.839996,328.670013,323.940002,328.079987,315.444092,6213100,797
4/19/2021,326.48999,328.829987,325.440002,326.850006,314.261444,4494300,798
4/20/2021,326,327.690002,322.160004,323.959991,311.482758,4462900,799
4/21/2021,324.959991,327.910004,323.890015,325.950012,313.396149,3740100,800
4/22/2021,326.200012,326.429993,318.839996,321.459991,309.07901,4875000,801
4/23/2021,322.190002,325.529999,319.579987,323.890015,311.415466,3405700,802
4/26/2021,323.679993,324,319.320007,319.98999,307.66568,2848500,803
4/27/2021,320.5,322.470001,320.380005,320.589996,308.242554,3335800,804
4/28/2021,321.950012,322.959991,319.299988,319.709991,307.396454,2713400,805
4/29/2021,321.709991,325.790009,321.079987,325.339996,312.809601,3261900,806
4/30/2021,325.049988,325.829987,321.609985,323.670013,311.203949,3118700,807
5/3/2021,326.279999,331.619995,325.679993,330.269989,317.549744,3683700,808
5/4/2021,329.119995,333.230011,328.880005,332.769989,319.953461,3954400,809
5/5/2021,334.25,334.25,331.160004,332.049988,319.261139,3227200,810
5/6/2021,333.670013,337.809998,333.230011,337.579987,324.578186,3539600,811
5/7/2021,336.679993,339.809998,335.529999,339.25,326.183868,2998100,812
5/10/2021,340.450012,345.690002,339.540009,341.119995,327.981873,4840600,813
5/11/2021,337.549988,338,328.209991,330.660004,317.924713,5500900,814
5/12/2021,326.519989,328.799988,316.269989,317,304.790833,5822000,815
5/13/2021,319,327.420013,318.690002,325.420013,312.886536,5159800,816
5/14/2021,326.290009,327.320007,321.859985,323.630005,311.165497,3998000,817
5/17/2021,321,322.829987,315.309998,320.01001,307.684906,4388000,818
5/18/2021,320,324.559998,314.779999,316.75,304.550446,7010300,819
5/19/2021,312,314.75,309.070007,314.450012,302.33905,5242100,820
5/20/2021,314.890015,319.709991,314.890015,315.899994,303.733185,3854700,821
5/21/2021,317,319.279999,314.450012,315.769989,303.608215,3920600,822
5/24/2021,316.839996,318.73999,314.589996,314.839996,302.71402,2930600,823
5/25/2021,315.529999,317.100006,314.25,316.75,304.550446,3523300,824
5/26/2021,317.809998,321.380005,316.679993,317.329987,305.108093,2881600,825
5/27/2021,317.299988,320.410004,317.299988,318.769989,306.492615,3734800,826
5/28/2021,320.369995,321.51001,318.850006,318.910004,306.627289,3194000,827
6/1/2021,320.660004,321.26001,315.170013,316.309998,304.12738,3549800,828
6/2/2021,315.480011,316.980011,312.410004,313.230011,302.74527,3380100,829
6/3/2021,311,312.929993,309.690002,311.429993,301.005493,2652500,830
6/4/2021,312.109985,313.450012,309.350006,311.01001,300.599579,2638700,831
6/7/2021,311.119995,312.329987,307.880005,309.959991,299.584717,3974800,832
6/8/2021,311.269989,312.290009,308.980011,310.899994,300.493286,2913500,833
6/9/2021,311.450012,312.980011,306.899994,307.339996,297.052429,3603700,834
6/10/2021,307.649994,309.649994,306.140015,308.309998,297.98996,3286300,835
6/11/2021,309.269989,311.23999,308.350006,310.769989,300.367615,2785100,836
6/14/2021,308.929993,310.059998,306.220001,309.320007,298.966156,3393500,837
6/15/2021,308.75,308.950012,303.48999,306.450012,296.192261,5270600,838
6/16/2021,306.690002,307.350006,301.170013,302.779999,292.64505,4492500,839
6/17/2021,303.049988,305.209991,300.029999,303.119995,292.973663,4481100,840
6/18/2021,299.25,303.829987,298.399994,302.609985,292.480774,8792700,841
6/21/2021,305.25,308.720001,304.869995,307.600006,297.303711,3774200,842
6/22/2021,309.130005,314.910004,308.299988,312.709991,302.242645,4418400,843
6/23/2021,312.019989,313.660004,310.630005,311.670013,301.237488,2564500,844
6/24/2021,313.119995,314.839996,311.670013,311.839996,301.401794,2649200,845
6/25/2021,312.23999,315.459991,311.549988,313.630005,303.131897,11733500,846
6/28/2021,313.660004,315.269989,311.369995,314.279999,303.760132,2635400,847
6/29/2021,315.790009,320.299988,315.559998,318.23999,307.587555,3150100,848
6/30/2021,317.940002,320.290009,317.690002,318.890015,308.21582,3061500,849
7/1/2021,319.910004,321.690002,318.5,321.540009,310.7771,2578000,850
7/2/2021,322.529999,323.119995,321.350006,322.700012,311.898346,2201600,851
7/6/2021,322.829987,323.829987,316.799988,319.26001,308.573425,3109500,852
7/7/2021,318.48999,324.420013,318.25,323.480011,312.652191,2939900,853
7/8/2021,319.070007,320.329987,314.799988,318.540009,307.877533,3663000,854
7/9/2021,320.540009,323.309998,320.179993,322.089996,311.308685,2587400,855
7/12/2021,321.070007,324,320.529999,321.73999,310.970428,2521800,856
7/13/2021,322.440002,323.290009,316.829987,317.049988,306.437347,3213800,857
7/14/2021,318.75,320.059998,318.01001,319.220001,308.53476,3381600,858
7/15/2021,317.380005,322.959991,317.359985,322.709991,311.907959,2603900,859
7/16/2021,324,326.279999,321.399994,321.540009,310.7771,3623700,860
7/19/2021,317.98999,319,314.910004,318.869995,308.196472,3752600,861
7/20/2021,318.5,326.130005,318.269989,325.350006,314.459564,4251700,862
7/21/2021,327.600006,328.470001,324.970001,326.359985,315.43576,2832600,863
7/22/2021,327.940002,327.970001,325.329987,326.660004,315.725739,2208100,864
7/23/2021,329.470001,333.450012,327.940002,332.839996,321.698883,2786400,865
7/26/2021,330.070007,331.559998,326.880005,331.179993,320.094421,2752000,866
7/27/2021,331.790009,331.880005,326.059998,327.26001,316.305634,2910300,867
7/28/2021,326.420013,329.329987,324.709991,325.519989,314.623871,2376200,868
7/29/2021,326.48999,328.559998,325.440002,327.429993,316.469971,2172400,869
7/30/2021,326.850006,330.109985,326.339996,328.190002,317.204559,2381200,870
8/2/2021,330,330,326.420013,327.220001,316.266998,2016400,871
8/3/2021,328.350006,333.01001,328.029999,331.940002,320.82901,2405900,872
8/4/2021,330.690002,331.920013,329.390015,330.309998,319.25354,1783700,873
8/5/2021,331.959991,336,331.089996,333.109985,321.959839,2284000,874
8/6/2021,334.690002,335.709991,329.119995,329.839996,318.799286,2656600,875
8/9/2021,329.230011,331.070007,327.320007,328.76001,317.755463,1995300,876
8/10/2021,328.670013,333.23999,327.149994,331.480011,320.384399,1868100,877
8/11/2021,333.799988,338.549988,333.399994,337,325.719604,3258600,878
8/12/2021,337.350006,338.170013,332.279999,334.019989,322.839355,2554200,879
8/13/2021,333.859985,335.799988,330.980011,331.320007,320.229767,2217000,880
8/16/2021,330.709991,335.630005,327.970001,335.049988,323.834839,3496300,881
8/17/2021,321,323.589996,316.609985,320.75,310.01358,9322800,882
8/18/2021,319.339996,327.859985,319,321.549988,310.786774,4880600,883
8/19/2021,318.790009,325.190002,317.799988,322.899994,312.091583,2974700,884
8/20/2021,322.640015,329.679993,322.470001,329.23999,318.21933,2929900,885
8/23/2021,330,330.529999,327.380005,327.73999,316.769562,2792700,886
8/24/2021,328.76001,328.839996,324.51001,324.899994,314.024628,2359500,887
8/25/2021,324.149994,326.559998,323.109985,323.880005,313.038788,2586900,888
8/26/2021,323.209991,324.98999,321,321.480011,310.719116,2952300,889
8/27/2021,320.880005,324.049988,319.649994,323.380005,312.555511,2985400,890
8/30/2021,325.910004,329.5,325.209991,327.100006,316.151031,2926900,891
8/31/2021,327,328.269989,323.619995,326.179993,315.26178,4183100,892
9/1/2021,325.559998,325.779999,320.279999,323.640015,314.397247,3339100,893
9/2/2021,325.029999,328.179993,323.700012,327.73999,318.380096,3109000,894
9/3/2021,325.329987,330.899994,325.160004,330.339996,320.905853,2774800,895
9/7/2021,331.029999,332.559998,326.899994,328.950012,319.555542,2555200,896
9/8/2021,328.950012,331.929993,327.630005,331.579987,322.110443,2219500,897
9/9/2021,332.450012,333.730011,330.869995,331.769989,322.295044,3011900,898
9/10/2021,334,335.230011,331.450012,331.950012,322.46991,3178600,899
9/13/2021,334.950012,337.149994,332.75,335.450012,325.869965,3908700,900
9/14/2021,336.029999,337.48999,332.420013,333.119995,323.606476,2857200,901
9/15/2021,333.359985,334.670013,330.100006,333.369995,323.849335,2875500,902
9/16/2021,334.720001,337.839996,334.170013,336.390015,326.783081,3043800,903
9/17/2021,334.950012,339.649994,334.950012,335.670013,326.083679,7098400,904
9/20/2021,331.829987,335.390015,328.429993,331.209991,321.751007,4036600,905
9/21/2021,333.029999,336.970001,332,334.220001,324.675049,3171100,906
9/22/2021,335.850006,339,333.459991,335.929993,326.336243,2872800,907
9/23/2021,337.839996,339.519989,335.600006,335.910004,326.316772,2426600,908
9/24/2021,336.779999,337.839996,335.549988,337.48999,327.851685,2004900,909
9/27/2021,336.869995,343.73999,336.869995,341.410004,331.659698,2966100,910
9/28/2021,341.369995,341.369995,332.459991,333.799988,324.267029,3304100,911
9/29/2021,333.359985,338.880005,333.359985,336.929993,327.307678,2424000,912
9/30/2021,338.23999,338.709991,327.630005,328.26001,318.885254,4255000,913
10/1/2021,328.149994,332.730011,324.579987,329.859985,320.439545,2814200,914
10/4/2021,328.5,330.609985,324.160004,326.470001,317.146393,2919900,915
10/5/2021,326.899994,332.190002,326.329987,329.480011,320.070465,2514300,916
10/6/2021,328.160004,330.649994,325.399994,330.359985,320.925293,2226800,917
10/7/2021,333.5,339.220001,332.859985,337.480011,327.84201,2789500,918
10/8/2021,333,335.410004,330.880005,334.339996,324.791626,2912200,919
10/11/2021,335.600006,340.859985,334.600006,336.970001,327.346558,2589100,920
10/12/2021,339.140015,341.049988,337.399994,337.799988,328.152802,2960300,921
10/13/2021,337.320007,340.23999,336.549988,338.279999,328.61908,2477400,922
10/14/2021,340.529999,344.369995,340.100006,344.049988,334.224335,2824300,923
10/15/2021,346.540009,350.950012,345.75,350.410004,340.402679,3473500,924
10/18/2021,349,355.950012,349,355.01001,344.871338,3487500,925
10/19/2021,356.940002,358.089996,354.420013,357.98999,347.766174,2375600,926
10/20/2021,357.73999,359.570007,356.209991,358.230011,347.99939,2574800,927
10/21/2021,358.200012,364.850006,358.119995,364.619995,354.206879,2885400,928
10/22/2021,365,367.029999,362.149994,365.98999,355.53772,2734700,929
10/25/2021,367.200012,371.660004,365.98999,371.26001,360.657257,2923400,930
10/26/2021,373.390015,374.049988,369.079987,369.200012,358.656097,2989500,931
10/27/2021,369.869995,375.149994,369.309998,372.320007,361.686981,2840300,932
10/28/2021,373,373.940002,370.890015,371.570007,360.958405,2553500,933
10/29/2021,370.329987,375.149994,370.029999,371.73999,361.123505,3820200,934
11/1/2021,373,373.570007,364.700012,366.480011,356.013763,3380500,935
11/2/2021,366.200012,368.890015,364.940002,367.290009,356.800629,2367100,936
11/3/2021,366.630005,369.359985,365.25,368.970001,358.432648,2378800,937
11/4/2021,370.779999,373.230011,369.410004,372.179993,361.550934,3210000,938
11/5/2021,373.809998,374.410004,367.570007,368.399994,357.878937,3090200,939
11/8/2021,370.220001,372.910004,367.850006,368.589996,358.063477,2357200,940
11/9/2021,369.670013,373.880005,368.709991,370.649994,360.064667,2183300,941
11/10/2021,368.25,371.209991,367.720001,368.579987,358.053741,2161400,942
11/11/2021,371,372,365.829987,367.630005,357.13092,2387300,943
11/12/2021,369.119995,373.5,366.700012,372.630005,361.988098,2793300,944
11/15/2021,374.390015,374.869995,369.290009,371.079987,360.482361,3650600,945
11/16/2021,382,394.380005,379,392.329987,381.125488,8648200,946
11/17/2021,392.829987,399.429993,390.809998,394.850006,383.573547,4647000,947
11/18/2021,398,406.540009,396.089996,405.850006,394.259399,4503700,948
11/19/2021,407.630005,410.100006,404.109985,408.690002,397.01828,3542000,949
11/22/2021,409.799988,416.559998,408.700012,408.790009,397.115417,4006400,950
11/23/2021,405.670013,409.679993,403.01001,408.369995,396.707397,3557000,951
11/24/2021,403.660004,412.75,402.880005,412.109985,400.340607,2676300,952
11/26/2021,407.26001,414.140015,402.25,402.700012,391.199341,3007800,953
11/29/2021,406.899994,410.809998,406.040009,406.820007,395.201691,3725500,954
11/30/2021,403.589996,408.429993,400.25,400.609985,389.169006,7773500,955
12/1/2021,402.079987,410.25,400.220001,400.420013,390.593231,3516200,956
12/2/2021,401.809998,410.700012,401,407.769989,397.762817,3705000,957
12/3/2021,409.850006,415.929993,404.450012,407.809998,397.801849,5237500,958
12/6/2021,413.519989,420.609985,411.220001,415.700012,405.49826,4624500,959
12/7/2021,417,418.559998,413.019989,416.179993,405.966431,4204500,960
12/8/2021,416.179993,419.850006,408.279999,411.25,401.15741,4079400,961
12/9/2021,410.799988,415.25,408.290009,411.339996,401.245209,3822900,962
12/10/2021,412.190002,415.609985,410.26001,415.399994,405.205597,2625200,963
12/13/2021,415.399994,416.5,404.51001,405.23999,395.294922,3766400,964
12/14/2021,403.450012,405.679993,398.079987,402.200012,392.329529,4662800,965
12/15/2021,400.619995,407.929993,399.390015,407.809998,397.801849,4421400,966
12/16/2021,408.399994,408.869995,398.119995,399.529999,389.725067,4632800,967
12/17/2021,396.970001,397.980011,387.420013,387.980011,378.458496,11097500,968
12/20/2021,384.290009,390.170013,380.899994,389.399994,379.843658,4294800,969
12/21/2021,391.630005,393.76001,383.23999,390.470001,380.88739,3038200,970
12/22/2021,391,395.769989,388.859985,395.640015,385.930542,3267800,971
12/23/2021,398.290009,399.839996,394.619995,397.070007,387.325439,2743900,972
12/27/2021,399.040009,404.450012,398.209991,404.089996,394.173126,2228300,973
12/28/2021,404.98999,407.019989,403,406.220001,396.250885,2521400,974
12/29/2021,406.380005,412.369995,406.309998,410.839996,400.757507,2209300,975
12/30/2021,411.850006,413.440002,408.399994,409.940002,399.879578,1804400,976
12/31/2021,409.98999,416.529999,409.890015,415.01001,404.825165,2386100,977
1/3/2022,416.570007,417.839996,403.26001,408.640015,398.611481,3715700,978
1/4/2022,408.640015,413.609985,408.190002,412.839996,402.708405,3266500,979
1/5/2022,414,414.220001,406.809998,407.23999,397.24585,4443200,980
1/6/2022,408.559998,409.070007,403.019989,405.76001,395.802155,3315100,981
1/7/2022,403.359985,404.089996,392.880005,393.609985,383.950317,4520700,982
1/10/2022,387.399994,387.589996,380.910004,387.459991,377.951263,6440000,983
1/11/2022,388.070007,391.839996,384.320007,386.670013,377.180664,4385400,984
1/12/2022,388.290009,393.450012,386.380005,389.399994,379.843658,3623300,985
1/13/2022,392.51001,394.309998,385.859985,386.980011,377.483063,3466300,986
1/14/2022,381.329987,382.01001,371.5,372,362.870667,6336200,987
1/18/2022,366.100006,368.089996,360.029999,366.720001,357.720245,6435200,988
1/19/2022,367.179993,368.700012,359.410004,359.690002,350.862762,5175100,989
1/20/2022,361.329987,361.850006,349.019989,349.579987,341.000885,5440600,990
1/21/2022,351.720001,360.089996,347.179993,349.100006,340.532654,7718400,991
1/24/2022,343.779999,364.380005,343.609985,363.809998,354.881683,8584300,992
1/25/2022,358.140015,361.519989,352.190002,358.980011,350.170197,5536700,993
1/26/2022,360,365.899994,354.450012,357.279999,348.511902,6103300,994
1/27/2022,360.429993,364.119995,353.910004,356.429993,347.68277,3941000,995
1/28/2022,360.170013,366.720001,352.839996,366.540009,357.544647,4551300,996
1/31/2022,364.809998,367.410004,362.209991,366.980011,357.973877,4084600,997
2/1/2022,369.470001,370.690002,362.369995,368.700012,359.651672,3406800,998
2/2/2022,368.380005,374.670013,367.76001,373.730011,364.558228,3839300,999
2/3/2022,370.190002,372.119995,363.200012,364.809998,355.857147,4009700,1000
2/4/2022,363.5,364.670013,354.25,359.670013,350.843262,3728100,1001
2/7/2022,360.26001,361.799988,355.440002,357.350006,348.580231,2809300,1002
2/8/2022,357.350006,362.980011,354.799988,361.440002,352.569824,3225100,1003
2/9/2022,365.309998,367.459991,363,364.369995,355.427917,2777500,1004
2/10/2022,358.839996,363,352.869995,355.089996,346.375702,4291800,1005
2/11/2022,354.690002,357.339996,348.559998,350.290009,341.693451,3308700,1006
2/14/2022,348,352.910004,346.829987,351.559998,342.932312,3654300,1007
2/15/2022,355.559998,357.420013,351.380005,353.26001,344.590576,3552500,1008
2/16/2022,351.5,352.859985,345.720001,350.089996,341.498352,3594900,1009
2/17/2022,348.98999,352.309998,347.390015,347.940002,339.401154,3927000,1010
2/18/2022,348.390015,350.600006,344.100006,346.869995,338.357361,5526100,1011
2/22/2022,335.089996,336.690002,312.350006,316.170013,308.410828,19752800,1012
2/23/2022,319.320007,320.399994,307.100006,308.450012,300.880249,11026000,1013
2/24/2022,300,313.440002,299.290009,313.23999,305.552704,8416700,1014
2/25/2022,313.179993,317.440002,307.570007,316.649994,308.879028,6510600,1015
2/28/2022,312.970001,316.079987,310.480011,315.829987,308.079163,5735100,1016
3/1/2022,314.589996,322.429993,313.76001,320.25,312.390686,5640900,1017
3/2/2022,321.059998,331.190002,319.679993,327.369995,319.335968,5645600,1018
3/3/2022,329.190002,330.679993,322.829987,324.359985,316.39978,3858400,1019
3/4/2022,322.209991,326.660004,319.51001,324.26001,316.302307,3630900,1020
3/7/2022,324.26001,329.600006,320.109985,322.769989,314.848816,4670000,1021
3/8/2022,319.75,328.48999,315.950012,316.73999,308.966797,5092500,1022
3/9/2022,320,322.459991,316.920013,317.200012,311.282837,4443600,1023
3/10/2022,314.359985,318.26001,308.75,317.940002,312.009003,3895200,1024
3/11/2022,319.279999,321.790009,316.230011,316.790009,310.880463,2973300,1025
3/14/2022,322.910004,324,316.209991,318.359985,312.421143,3604200,1026
3/15/2022,320.350006,330.179993,320.329987,328.540009,322.411255,3775300,1027
3/16/2022,331.579987,333.950012,324.230011,330.910004,324.73703,3942400,1028
3/17/2022,329.140015,336.359985,327.839996,336.359985,330.085327,3123200,1029
3/18/2022,333.630005,340.73999,332.309998,340.73999,334.383667,9409600,1030
3/21/2022,338.040009,340.690002,327.079987,329.369995,323.225769,4521200,1031
3/22/2022,329.320007,331.299988,324.01001,329.730011,323.579071,4852800,1032
3/23/2022,326.899994,328.190002,315.850006,317.049988,311.135559,5207700,1033
3/24/2022,317.149994,319.399994,314.299988,315.779999,309.889313,4599900,1034
3/25/2022,318.480011,318.799988,308.299988,310.679993,304.884399,5176500,1035
3/28/2022,311,314.350006,309.230011,314.279999,308.417267,3936600,1036
3/29/2022,316.910004,321,312.920013,317.709991,311.783264,5306100,1037
3/30/2022,313.109985,315.23999,306.100006,308.459991,302.705811,7223800,1038
3/31/2022,306.209991,307.959991,298.890015,299.329987,293.746155,11044600,1039
4/1/2022,300.5,303.369995,298.899994,301.890015,296.258423,5554600,1040
4/4/2022,301.48999,306.480011,299.570007,305.579987,299.879517,4659500,1041
4/5/2022,306.26001,309.100006,302.209991,304.859985,299.172974,4376100,1042
4/6/2022,298.089996,300.660004,294.98999,298.540009,292.970917,6499900,1043
4/7/2022,296.790009,304.589996,293.589996,302.75,297.102356,5241000,1044
4/8/2022,301.459991,312.290009,301.279999,311.109985,305.306396,5741900,1045
4/11/2022,307.809998,314.170013,305.929993,306.720001,300.998322,4100600,1046
4/12/2022,309.440002,313.290009,305.100006,306.290009,300.576324,4122600,1047
4/13/2022,306.109985,311.700012,305.720001,310.420013,304.629272,3185300,1048
4/14/2022,310.829987,312.25,304.329987,304.519989,298.839325,4569200,1049
4/18/2022,303,306.290009,298.720001,300.209991,294.609741,3192400,1050
4/19/2022,300.609985,308.130005,299.809998,307.799988,302.058167,3389700,1051
4/20/2022,311,316.100006,309.75,315.140015,309.261261,4720800,1052
4/21/2022,317,318.399994,309.73999,310.359985,304.570404,3014200,1053
4/22/2022,309.820007,309.820007,299.779999,300.109985,294.511566,4043200,1054
4/25/2022,300,305.160004,296.269989,304.940002,299.251495,4396900,1055
4/26/2022,302.25,307.559998,299.720001,299.959991,294.36441,3415200,1056
4/27/2022,301.299988,306.420013,299.119995,301.600006,295.973846,3446200,1057
4/28/2022,304.75,314.540009,303.01001,311.76001,305.944275,4149500,1058
4/29/2022,308.149994,311.720001,299.709991,300.399994,294.796173,4878200,1059
5/2/2022,301.98999,308.790009,299.910004,306.970001,301.243652,4233900,1060
5/3/2022,305.690002,309,303.019989,304.959991,299.271118,3336600,1061
5/4/2022,304.079987,315.75,302.929993,315.309998,309.42804,4021300,1062
5/5/2022,311,311.359985,293.709991,299.109985,293.530212,4959600,1063
5/6/2022,296.299988,296.75,289.410004,294.309998,288.819794,4325300,1064
5/9/2022,290.279999,300.73999,288.5,297.029999,291.489044,5243600,1065
5/10/2022,298.459991,301.070007,287.660004,291.160004,285.728577,4392900,1066
5/11/2022,291.450012,293.329987,282.570007,282.959991,277.681519,3880500,1067
5/12/2022,281.570007,293.179993,280.630005,289.690002,284.28595,4447700,1068
5/13/2022,289.950012,299.420013,288.450012,296.029999,290.507721,3949100,1069
5/16/2022,294.079987,299.570007,289.790009,295.98999,290.468445,4267900,1070
5/17/2022,306.5,310.940002,290.899994,300.950012,295.335968,12425900,1071
5/18/2022,293,295.440002,281.179993,285.179993,279.860077,7799500,1072
5/19/2022,285.5,292.5,284.959991,287.76001,282.391998,5211500,1073
5/20/2022,289.820007,290.5,279.589996,287.190002,281.832611,5621800,1074
5/23/2022,289.089996,290.339996,280.320007,286.029999,280.694275,4305600,1075
5/24/2022,284,289.320007,280.649994,287.920013,282.549011,4241900,1076
5/25/2022,285.809998,295.48999,285.660004,293.570007,288.093597,4612900,1077
5/26/2022,297.320007,305.630005,297,302.809998,297.161224,4170800,1078
5/27/2022,303.540009,308.5,301.600006,308.459991,302.705811,3899300,1079
5/31/2022,306.600006,307.869995,300.829987,302.75,297.102356,5966600,1080
6/1/2022,301.73999,302.980011,297.029999,297.190002,293.487976,3080800,1081
6/2/2022,298.809998,306.029999,295.890015,305.869995,302.059814,4086400,1082
6/3/2022,303.329987,308.459991,301.899994,305.079987,301.279663,2956600,1083
6/6/2022,305.559998,307.609985,303.25,303.890015,300.104492,2562000,1084
6/7/2022,295.059998,302.380005,292.600006,301.769989,298.010895,3547800,1085
6/8/2022,299.779999,300.579987,295.679993,297.529999,293.82373,3003100,1086
6/9/2022,297.76001,306.880005,297.350006,299.859985,296.124695,4168400,1087
6/10/2022,291.5,296.5,288.640015,289.23999,285.636963,4623900,1088
6/13/2022,284.359985,286.820007,281.279999,283.160004,279.632721,4704600,1089
6/14/2022,283.209991,286.380005,276.589996,278.670013,275.198669,3987000,1090
6/15/2022,281,283.589996,275.470001,279.730011,276.245453,4050400,1091
6/16/2022,274.920013,276.109985,269.730011,273.459991,270.053558,6181000,1092
6/17/2022,271,276.619995,270.390015,270.730011,267.357544,10775600,1093
6/21/2022,273.690002,273.920013,267.420013,269.200012,265.846619,5498400,1094
6/22/2022,266.390015,271.769989,264.51001,268.980011,265.629364,4678400,1095
6/23/2022,270,275.589996,269.890015,275.420013,271.989136,3747500,1096
6/24/2022,277.470001,283.459991,273.920013,283,279.474731,10310700,1097
6/27/2022,284.459991,285,281.48999,282.690002,279.168579,2538600,1098
6/28/2022,283.779999,285.600006,269.820007,270.149994,266.78479,4052100,1099
6/29/2022,271.579987,276.160004,268.809998,273.869995,270.458435,2460500,1100
6/30/2022,270.730011,277.040009,268.040009,274.269989,270.853455,4058000,1101
7/1/2022,275.730011,280.75,274.549988,279.079987,275.603516,2818300,1102
7/5/2022,275.5,283.730011,275.029999,283.730011,280.195648,3241300,1103
7/6/2022,284.98999,285.920013,280.519989,283.579987,280.047455,2206100,1104
7/7/2022,282.839996,286.970001,281.450012,286.690002,283.118774,3133900,1105
7/8/2022,285.98999,287.98999,283.910004,286.470001,282.901489,1891000,1106
7/11/2022,285.179993,289.589996,285.140015,286.390015,282.82251,2453200,1107
7/12/2022,288.970001,293.640015,283.410004,285.119995,281.568298,2696100,1108
7/13/2022,281.630005,289.790009,279.76001,287.179993,283.602631,2941600,1109
7/14/2022,281.850006,290.290009,281.649994,289.480011,285.874023,2822200,1110
7/15/2022,294.809998,295.450012,290.950012,292.410004,288.767517,2647200,1111
7/18/2022,297.25,298.48999,292,293.049988,289.399506,2664000,1112
7/19/2022,295.440002,300.01001,293.309998,299.829987,296.095032,2614900,1113
7/20/2022,300.929993,303.690002,298.279999,302.299988,298.534302,2533400,1114
7/21/2022,302.850006,305.25,298.869995,305,301.200684,1965000,1115
7/22/2022,307.660004,310.670013,304.359985,306.589996,302.770844,2391500,1116
7/25/2022,306.799988,307.429993,303.829987,306.149994,302.336334,1910500,1117
7/26/2022,297,300.640015,295.910004,298.179993,294.465637,2690200,1118
7/27/2022,298.209991,300.309998,291.790009,298.910004,295.186554,3233700,1119
7/28/2022,295,301.23999,293.170013,299.630005,295.897583,3992100,1120
7/29/2022,300,301.440002,297.429993,300.940002,297.191254,3236000,1121
8/1/2022,300.640015,308.450012,300.01001,305.820007,302.010468,3303900,1122
8/2/2022,305.399994,305.609985,300.01001,300.709991,296.964081,3091000,1123
8/3/2022,303.350006,308.070007,300.339996,306.369995,302.553589,3329400,1124
8/4/2022,304.540009,309.970001,304.440002,307.170013,303.343658,2718400,1125
8/5/2022,305.380005,309.779999,304.5,309.690002,305.832245,2029100,1126
8/8/2022,311.859985,315.799988,310.440002,311.970001,308.083832,2505100,1127
8/9/2022,308.890015,309.959991,303.309998,305.209991,301.40802,2607000,1128
8/10/2022,309.5,312.980011,309.049988,311.579987,307.698669,3863400,1129
8/11/2022,313.839996,314.619995,309.579987,310.690002,306.819794,2444100,1130
8/12/2022,312.609985,314.929993,310.179993,314.890015,310.967499,2273800,1131
8/15/2022,312.040009,315.76001,310.149994,314.609985,310.690948,3917300,1132
8/16/2022,312.980011,332.980011,312.880005,327.380005,323.30188,10089800,1133
8/17/2022,328.089996,329.5,324.070007,325.76001,321.702057,3162600,1134
8/18/2022,324.959991,327.940002,322.220001,325.209991,321.158905,2899600,1135
8/19/2022,324.970001,326.320007,319.769989,321.320007,317.317383,3489100,1136
8/22/2022,318.089996,319.73999,311.709991,312.209991,308.320831,3144200,1137
8/23/2022,311.209991,311.519989,305.640015,306.899994,303.076996,3317500,1138
8/24/2022,305.049988,309.980011,303.549988,308.109985,304.271912,2495600,1139
8/25/2022,308.640015,309.959991,305.829987,309.779999,305.921112,2529700,1140
8/26/2022,310.299988,311.51001,298.019989,298.100006,294.386627,3315500,1141
8/29/2022,296.570007,299.709991,294.290009,296.320007,292.628784,2711800,1142
8/30/2022,298.559998,299.899994,291.670013,293.100006,289.448914,2892400,1143
8/31/2022,292.01001,292.470001,288.279999,288.420013,286.685638,4376200,1144
9/1/2022,288.399994,293.579987,286.720001,293.369995,291.605835,3742500,1145
9/2/2022,296.109985,296.799988,290.119995,291.899994,290.144684,2753600,1146
9/6/2022,293.220001,294.5,287.26001,289.540009,287.798889,4110000,1147
9/7/2022,290.440002,297.700012,290.299988,297.470001,295.681183,3016000,1148
9/8/2022,296,300.190002,294.540009,299.899994,298.096588,2703200,1149
9/9/2022,299.480011,302.48999,298.329987,299.769989,297.967346,2769200,1150
9/12/2022,300.799988,302.829987,296.350006,297.540009,295.750793,3632900,1151
9/13/2022,292.01001,294.079987,277.320007,277.929993,276.258698,4797200,1152
9/14/2022,279.399994,279.540009,273.170013,276.339996,274.678253,4194400,1153
9/15/2022,277.890015,278.01001,270.540009,271.540009,269.907135,3896100,1154
9/16/2022,269.049988,276.559998,268.899994,275.970001,274.310486,9535100,1155
9/19/2022,273.579987,281.230011,273.51001,280.420013,278.733734,3047200,1156
9/20/2022,276.880005,278.779999,271.369995,274.170013,272.521332,2940700,1157
9/21/2022,276,280.130005,271.51001,271.570007,269.936951,3173500,1158
9/22/2022,271.220001,271.220001,267.850006,269.140015,267.521576,3515800,1159
9/23/2022,267.890015,271.299988,266.320007,270.940002,269.31073,3527900,1160
9/26/2022,271.429993,273.559998,265.609985,266.579987,264.976929,4181800,1161
9/27/2022,269.359985,273.690002,266.980011,268.690002,267.074249,3701000,1162
9/28/2022,275.220001,283.5,272.709991,282.190002,280.493073,5816600,1163
9/29/2022,278.51001,278.76001,274.730011,278.329987,276.656281,4518600,1164
9/30/2022,277.820007,281.790009,274.76001,275.940002,274.28067,4789100,1165
10/3/2022,281,286.059998,279.549988,283.700012,281.994019,3580000,1166
10/4/2022,287.5,291.309998,286.559998,289.559998,287.818756,3641300,1167
10/5/2022,286.25,292.109985,285.369995,289.850006,288.107025,2728000,1168
10/6/2022,289.559998,292.970001,287.769989,290.390015,288.643799,2641500,1169
10/7/2022,287.529999,288.630005,282.420013,284.320007,282.610291,2406000,1170
10/10/2022,283.559998,284.859985,280.220001,282.459991,280.761444,2115400,1171
10/11/2022,281.100006,286.200012,280.899994,282.890015,281.188873,2771900,1172
10/12/2022,284.420013,284.640015,280.48999,280.519989,278.833099,2258200,1173
10/13/2022,274.660004,284.829987,268.730011,282.829987,281.129211,3881600,1174
10/14/2022,286.640015,286.640015,275.950012,276.429993,274.7677,2783100,1175
10/17/2022,279.600006,283.869995,279.339996,281.26001,279.568695,3426700,1176
10/18/2022,287.950012,289.859985,283.230011,285.059998,283.345825,3166500,1177
10/19/2022,282.470001,282.769989,273.019989,275.48999,273.833374,4323000,1178
10/20/2022,274.940002,278,267.869995,269.459991,267.83963,3959500,1179
10/21/2022,268.339996,275.709991,268,275.529999,273.873138,3429100,1180
10/24/2022,276.970001,284.470001,276.970001,283.26001,281.556671,2937100,1181
10/25/2022,285.51001,292.130005,285.51001,290.26001,288.514557,2791600,1182
10/26/2022,290.600006,291.869995,286.170013,290.149994,288.405212,2615000,1183
10/27/2022,291.850006,294.269989,289.450012,291.059998,289.309753,3041500,1184
10/28/2022,290,299.160004,290,298.649994,296.854095,3243100,1185
10/31/2022,294.410004,299.279999,292.549988,296.130005,294.349274,4210900,1186
11/1/2022,300.369995,302.209991,293.350006,296.059998,294.279663,3309100,1187
11/2/2022,295.200012,300.170013,288.519989,288.730011,286.993774,4426400,1188
11/3/2022,283.570007,285.950012,280.51001,281.5,279.80722,4823900,1189
11/4/2022,285.890015,288.839996,277.5,284.029999,282.322021,4401600,1190
11/7/2022,286.5,291.700012,282.839996,290.269989,288.524475,3260200,1191
11/8/2022,292.429993,293.339996,287.630005,291.140015,289.389282,3371800,1192
11/9/2022,289,292.5,286.26001,286.75,285.025665,3071400,1193
11/10/2022,297.73999,314.73999,297.079987,311.700012,309.825623,7794000,1194
11/11/2022,312,317.679993,310.23999,314.940002,313.046143,4945400,1195
11/14/2022,314.359985,315.980011,306.339996,306.920013,305.074371,6394800,1196
11/15/2022,304.059998,316.630005,303.25,311.929993,310.05423,9290400,1197
11/16/2022,305.859985,316.410004,304.51001,314.910004,313.016327,5249500,1198
11/17/2022,312,313.679993,306.149994,311.440002,309.5672,3642100,1199
11/18/2022,314.140015,316,310.26001,313.179993,311.296722,3559300,1200
11/21/2022,316.959991,318.839996,314.200012,316.779999,314.875061,4069000,1201
11/22/2022,320,326.820007,319.380005,324.880005,322.926361,6054700,1202
11/23/2022,326.76001,327.820007,320.440002,321.51001,319.57663,4243400,1203
11/25/2022,322.890015,329.079987,321.899994,326.380005,324.417358,3393500,1204
11/28/2022,325.059998,328.799988,317.850006,318.920013,317.002228,4733700,1205
11/29/2022,316,320,315.619995,315.959991,314.059998,3505600,1206
11/30/2022,312.929993,324.190002,311.5,323.98999,323.98999,15106500,1207
12/1/2022,326.309998,329.670013,324.440002,327.070007,327.070007,3830100,1208
12/2/2022,321.079987,328.480011,320.329987,327.98999,327.98999,3644100,1209
12/5/2022,325.149994,325.519989,319.540009,320.079987,320.079987,5057300,1210
12/6/2022,319.640015,321.649994,314.540009,317.450012,317.450012,3341500,1211
12/7/2022,315.959991,322.880005,314.440002,320.149994,320.149994,4038200,1212
12/8/2022,318.549988,324.519989,318.549988,324.089996,324.089996,3483600,1213
12/9/2022,321.480011,324.440002,319.929993,320.480011,320.480011,3738800,1214
12/12/2022,323,328.339996,321.290009,327.980011,327.980011,4900200,1215
12/13/2022,344.350006,347.25,329.959991,332.890015,332.890015,5787700,1216
12/14/2022,330.529999,339.059998,329.01001,333.429993,333.429993,4546000,1217
12/15/2022,329.440002,330.019989,323.369995,327.600006,327.600006,5056900,1218
12/16/2022,323.429993,327.940002,319.23999,323.339996,323.339996,9615000,1219
12/19/2022,319.5,321.910004,316.019989,317.329987,317.329987,3000600,1220
12/20/2022,313.320007,316.890015,310.829987,314.839996,314.839996,2632200,1221
12/21/2022,318.049988,319.589996,314.73999,319.359985,319.359985,2610400,1222
12/22/2022,316.399994,316.399994,310.730011,316.119995,316.119995,3064400,1223
12/23/2022,314.149994,319.100006,313.059998,318.730011,318.730011,2064900,1224
12/27/2022,318.410004,321.549988,317.51001,319.549988,319.549988,1610200,1225
12/28/2022,320.549988,321.429993,315.5,315.730011,315.730011,1568200,1226
12/29/2022,318.649994,321.829987,317.589996,320.410004,320.410004,1559100,1227
12/30/2022,317.48999,318.170013,313.019989,315.859985,315.859985,2580800,1228
1/3/2023,317.420013,319.220001,311.779999,315.910004,315.910004,2822400,1229
1/4/2023,321.070007,322.51001,316.380005,319.730011,319.730011,3560900,1230
1/5/2023,317.829987,318.079987,313.230011,315.470001,315.470001,2935100,1231
1/6/2023,316.290009,318.850006,309,317.529999,317.529999,4022000,1232
1/9/2023,320,322.549988,317.059998,317.809998,317.809998,3466300,1233
1/10/2023,316.299988,320.730011,313.959991,320.630005,320.630005,2111300,1234
1/11/2023,322.549988,329.040009,322.119995,329,329,2864800,1235
1/12/2023,332.209991,332.209991,326.709991,329.869995,329.869995,2481800,1236
1/13/2023,326.48999,332.390015,326,331.209991,331.209991,2798100,1237
1/17/2023,330.329987,335.160004,327.100006,327.529999,327.529999,3988900,1238
1/18/2023,330,334.519989,322.929993,323.690002,323.690002,2952200,1239
1/19/2023,320.339996,321.339996,310.630005,310.880005,310.880005,5359300,1240
1/20/2023,310.01001,315.23999,307.390015,315,315,3723700,1241
1/23/2023,313.540009,317.529999,311.089996,315.480011,315.480011,3237900,1242
1/24/2023,314.48999,318.100006,312.630005,317.690002,317.690002,2127900,1243
1/25/2023,315.329987,318.119995,311.549988,317.26001,317.26001,2060400,1244
1/26/2023,314.149994,319.26001,312.529999,313.809998,313.809998,3555300,1245
1/27/2023,312.019989,318.23999,311.329987,316.690002,316.690002,2760800,1246
1/30/2023,315.829987,318.140015,313.690002,314.23999,314.23999,2643100,1247
1/31/2023,315.98999,324.350006,315.100006,324.170013,324.170013,3526800,1248
2/1/2023,322.390015,330.549988,317.640015,328.089996,328.089996,3076500,1249
2/2/2023,333.450012,341.470001,332.690002,339.790009,339.790009,4776600,1250
2/3/2023,332.529999,334.709991,330.329987,331.5,331.5,3389700,1251
2/6/2023,328.98999,331.01001,327.459991,329.269989,329.269989,2229700,1252
2/7/2023,324,327,320.720001,325.200012,325.200012,3865500,1253
2/8/2023,322.940002,323.98999,319.570007,320.790009,320.790009,2777200,1254
2/9/2023,323.100006,323.890015,314.829987,315.549988,315.549988,3063300,1255
2/10/2023,313.850006,317.200012,312.75,316.540009,316.540009,2768800,1256
2/13/2023,317.339996,323.690002,315.609985,323.529999,323.529999,2430400,1257